schedule_id,class_id,day_of_week,day_vn,shift,start_time,end_time,building,floor,room_id,room_capacity,num_students,motorbike_ratio,dorm_ratio,arrival_window_start,arrival_window_end,departure_window_start,departure_window_end
SCH00001,LHP0001,Mon,Thu 2,Ca3,13:00,15:40,D,5,D-0508,76,47,0.88,0.09,12:30,13:00,15:40,16:10
SCH00002,LHP0002,Mon,Thu 2,Ca1,06:45,09:25,D,1,D-0101,89,66,0.84,0.21,06:15,06:45,09:25,09:55
SCH00003,LHP0002,Wed,Thu 4,Ca3,13:00,15:40,D,4,D-0403,67,66,0.84,0.21,12:30,13:00,15:40,16:10
SCH00004,LHP0003,Wed,Thu 4,Ca3,13:00,15:40,C,2,C-0203,42,36,0.77,0.14,12:30,13:00,15:40,16:10
SCH00005,LHP0004,Wed,Thu 4,Ca2,09:35,12:15,A2,4,A2-0406,87,76,0.76,0.18,09:05,09:35,12:15,12:45
SCH00006,LHP0004,Thu,Thu 5,Ca2,09:35,12:15,D,5,D-0508,76,76,0.76,0.18,09:05,09:35,12:15,12:45
SCH00007,LHP0005,Wed,Thu 4,Ca1,06:45,09:25,D,5,D-0503,88,55,0.9,0.21,06:15,06:45,09:25,09:55
SCH00008,LHP0006,Mon,Thu 2,Ca3,13:00,15:40,A2,1,A2-0101,120,42,0.86,0.08,12:30,13:00,15:40,16:10
SCH00009,LHP0007,Mon,Thu 2,Ca1,06:45,09:25,A2,9,A2-0904,88,45,0.92,0.07,06:15,06:45,09:25,09:55
SCH00010,LHP0007,Tue,Thu 3,Ca3,13:00,15:40,B,3,B-0304,57,45,0.92,0.07,12:30,13:00,15:40,16:10
SCH00011,LHP0008,Mon,Thu 2,Ca3,13:00,15:40,C,2,C-0201,58,36,0.76,0.25,12:30,13:00,15:40,16:10
SCH00012,LHP0008,Sat,Thu 7,Ca4,15:50,18:30,A2,6,A2-0602,102,36,0.76,0.25,15:20,15:50,18:30,19:00
SCH00013,LHP0009,Sat,Thu 7,Ca1,06:45,09:25,A2,8,A2-0811,96,78,0.92,0.08,06:15,06:45,09:25,09:55
SCH00014,LHP0010,Wed,Thu 4,Ca1,06:45,09:25,C,2,C-0204,55,55,0.93,0.08,06:15,06:45,09:25,09:55
SCH00015,LHP0011,Sat,Thu 7,Ca1,06:45,09:25,A2,2,A2-0203,94,46,0.94,0.21,06:15,06:45,09:25,09:55
SCH00016,LHP0012,Sat,Thu 7,Ca4,15:50,18:30,A2,5,A2-0509,104,72,0.89,0.08,15:20,15:50,18:30,19:00
SCH00017,LHP0013,Fri,Thu 6,Ca2,09:35,12:15,A2,6,A2-0609,114,67,0.9,0.06,09:05,09:35,12:15,12:45
SCH00018,LHP0014,Wed,Thu 4,Ca3,13:00,15:40,A2,10,A2-1013,101,67,0.85,0.23,12:30,13:00,15:40,16:10
SCH00019,LHP0015,Thu,Thu 5,Ca2,09:35,12:15,A2,3,A2-0312,86,62,0.77,0.09,09:05,09:35,12:15,12:45
SCH00020,LHP0016,Fri,Thu 6,Ca3,13:00,15:40,A2,8,A2-0805,89,55,0.77,0.23,12:30,13:00,15:40,16:10
SCH00021,LHP0017,Fri,Thu 6,Ca2,09:35,12:15,B,2,B-0208,46,32,0.87,0.13,09:05,09:35,12:15,12:45
SCH00022,LHP0018,Mon,Thu 2,Ca4,15:50,18:30,B,2,B-0207,59,50,0.94,0.09,15:20,15:50,18:30,19:00
SCH00023,LHP0018,Tue,Thu 3,Ca1,06:45,09:25,A2,2,A2-0203,94,50,0.94,0.09,06:15,06:45,09:25,09:55
SCH00024,LHP0019,Mon,Thu 2,Ca1,06:45,09:25,C,3,C-0308,46,46,0.83,0.18,06:15,06:45,09:25,09:55
SCH00025,LHP0020,Sat,Thu 7,Ca1,06:45,09:25,A2,6,A2-0612,109,78,0.94,0.05,06:15,06:45,09:25,09:55
SCH00026,LHP0020,Mon,Thu 2,Ca2,09:35,12:15,A2,6,A2-0602,102,78,0.94,0.05,09:05,09:35,12:15,12:45
SCH00027,LHP0021,Wed,Thu 4,Ca1,06:45,09:25,A2,5,A2-0512,120,36,0.76,0.09,06:15,06:45,09:25,09:55
SCH00028,LHP0022,Tue,Thu 3,Ca2,09:35,12:15,C,3,C-0302,57,34,0.93,0.12,09:05,09:35,12:15,12:45
SCH00029,LHP0023,Mon,Thu 2,Ca3,13:00,15:40,D,5,D-0503,88,75,0.81,0.25,12:30,13:00,15:40,16:10
SCH00030,LHP0023,Tue,Thu 3,Ca3,13:00,15:40,A2,10,A2-1014,87,75,0.81,0.25,12:30,13:00,15:40,16:10
SCH00031,LHP0024,Mon,Thu 2,Ca1,06:45,09:25,C,3,C-0304,48,30,0.88,0.16,06:15,06:45,09:25,09:55
SCH00032,LHP0024,Wed,Thu 4,Ca1,06:45,09:25,A2,7,A2-0702,115,30,0.88,0.16,06:15,06:45,09:25,09:55
SCH00033,LHP0025,Wed,Thu 4,Ca1,06:45,09:25,D,3,D-0305,70,38,0.8,0.23,06:15,06:45,09:25,09:55
SCH00034,LHP0025,Fri,Thu 6,Ca3,13:00,15:40,A2,2,A2-0212,108,38,0.8,0.23,12:30,13:00,15:40,16:10
SCH00035,LHP0026,Fri,Thu 6,Ca1,06:45,09:25,A2,9,A2-0912,90,47,0.81,0.09,06:15,06:45,09:25,09:55
SCH00036,LHP0027,Mon,Thu 2,Ca1,06:45,09:25,A2,6,A2-0611,90,62,0.85,0.23,06:15,06:45,09:25,09:55
SCH00037,LHP0027,Fri,Thu 6,Ca2,09:35,12:15,A2,2,A2-0208,92,62,0.85,0.23,09:05,09:35,12:15,12:45
SCH00038,LHP0028,Mon,Thu 2,Ca2,09:35,12:15,D,1,D-0107,82,70,0.83,0.11,09:05,09:35,12:15,12:45
SCH00039,LHP0029,Fri,Thu 6,Ca3,13:00,15:40,A2,8,A2-0812,117,70,0.95,0.08,12:30,13:00,15:40,16:10
SCH00040,LHP0030,Fri,Thu 6,Ca4,15:50,18:30,A2,7,A2-0708,100,65,0.75,0.07,15:20,15:50,18:30,19:00
SCH00041,LHP0030,Thu,Thu 5,Ca3,13:00,15:40,A2,3,A2-0304,101,65,0.75,0.07,12:30,13:00,15:40,16:10
SCH00042,LHP0031,Thu,Thu 5,Ca1,06:45,09:25,A2,3,A2-0306,89,64,0.76,0.12,06:15,06:45,09:25,09:55
SCH00043,LHP0032,Wed,Thu 4,Ca2,09:35,12:15,C,3,C-0304,48,38,0.76,0.12,09:05,09:35,12:15,12:45
SCH00044,LHP0032,Fri,Thu 6,Ca1,06:45,09:25,A2,4,A2-0413,103,38,0.76,0.12,06:15,06:45,09:25,09:55
SCH00045,LHP0033,Sat,Thu 7,Ca1,06:45,09:25,A2,5,A2-0504,94,52,0.79,0.1,06:15,06:45,09:25,09:55
SCH00046,LHP0034,Wed,Thu 4,Ca1,06:45,09:25,D,4,D-0407,80,56,0.94,0.2,06:15,06:45,09:25,09:55
SCH00047,LHP0034,Mon,Thu 2,Ca1,06:45,09:25,A2,10,A2-1013,101,56,0.94,0.2,06:15,06:45,09:25,09:55
SCH00048,LHP0035,Mon,Thu 2,Ca3,13:00,15:40,A2,9,A2-0914,118,40,0.95,0.21,12:30,13:00,15:40,16:10
SCH00049,LHP0035,Wed,Thu 4,Ca2,09:35,12:15,A2,1,A2-0102,87,40,0.95,0.21,09:05,09:35,12:15,12:45
SCH00050,LHP0036,Thu,Thu 5,Ca1,06:45,09:25,A2,3,A2-0301,80,41,0.9,0.12,06:15,06:45,09:25,09:55
SCH00051,LHP0036,Mon,Thu 2,Ca1,06:45,09:25,B,2,B-0205,60,41,0.9,0.12,06:15,06:45,09:25,09:55
SCH00052,LHP0037,Wed,Thu 4,Ca2,09:35,12:15,A2,2,A2-0207,115,47,0.78,0.19,09:05,09:35,12:15,12:45
SCH00053,LHP0038,Thu,Thu 5,Ca1,06:45,09:25,D,2,D-0201,72,60,0.79,0.21,06:15,06:45,09:25,09:55
SCH00054,LHP0039,Fri,Thu 6,Ca3,13:00,15:40,A2,4,A2-0405,114,80,0.92,0.09,12:30,13:00,15:40,16:10
SCH00055,LHP0039,Wed,Thu 4,Ca4,15:50,18:30,A2,1,A2-0104,97,80,0.92,0.09,15:20,15:50,18:30,19:00
SCH00056,LHP0040,Fri,Thu 6,Ca4,15:50,18:30,A2,9,A2-0907,85,51,0.81,0.06,15:20,15:50,18:30,19:00
SCH00057,LHP0040,Thu,Thu 5,Ca1,06:45,09:25,A2,10,A2-1003,104,51,0.81,0.06,06:15,06:45,09:25,09:55
SCH00058,LHP0041,Mon,Thu 2,Ca1,06:45,09:25,A2,8,A2-0810,114,71,0.85,0.19,06:15,06:45,09:25,09:55
SCH00059,LHP0041,Wed,Thu 4,Ca4,15:50,18:30,A2,5,A2-0512,120,71,0.85,0.19,15:20,15:50,18:30,19:00
SCH00060,LHP0042,Wed,Thu 4,Ca1,06:45,09:25,B,1,B-0107,56,31,0.77,0.24,06:15,06:45,09:25,09:55
SCH00061,LHP0043,Fri,Thu 6,Ca2,09:35,12:15,A2,1,A2-0104,97,32,0.77,0.14,09:05,09:35,12:15,12:45
SCH00062,LHP0043,Tue,Thu 3,Ca3,13:00,15:40,C,3,C-0302,57,32,0.77,0.14,12:30,13:00,15:40,16:10
SCH00063,LHP0044,Wed,Thu 4,Ca3,13:00,15:40,D,3,D-0307,78,57,0.87,0.15,12:30,13:00,15:40,16:10
SCH00064,LHP0045,Tue,Thu 3,Ca3,13:00,15:40,C,2,C-0202,42,42,0.8,0.19,12:30,13:00,15:40,16:10
SCH00065,LHP0046,Mon,Thu 2,Ca1,06:45,09:25,A2,10,A2-1006,113,73,0.89,0.2,06:15,06:45,09:25,09:55
SCH00066,LHP0046,Wed,Thu 4,Ca1,06:45,09:25,A2,4,A2-0403,82,73,0.89,0.2,06:15,06:45,09:25,09:55
SCH00067,LHP0047,Tue,Thu 3,Ca2,09:35,12:15,A2,9,A2-0913,107,57,0.76,0.18,09:05,09:35,12:15,12:45
SCH00068,LHP0048,Mon,Thu 2,Ca1,06:45,09:25,D,5,D-0508,76,72,0.92,0.19,06:15,06:45,09:25,09:55
SCH00069,LHP0049,Mon,Thu 2,Ca1,06:45,09:25,A2,2,A2-0214,97,72,0.83,0.13,06:15,06:45,09:25,09:55
SCH00070,LHP0050,Tue,Thu 3,Ca2,09:35,12:15,A2,5,A2-0508,86,42,0.83,0.24,09:05,09:35,12:15,12:45
SCH00071,LHP0050,Wed,Thu 4,Ca2,09:35,12:15,A2,1,A2-0104,97,42,0.83,0.24,09:05,09:35,12:15,12:45
SCH00072,LHP0051,Wed,Thu 4,Ca1,06:45,09:25,A2,5,A2-0505,98,69,0.86,0.13,06:15,06:45,09:25,09:55
SCH00073,LHP0051,Thu,Thu 5,Ca4,15:50,18:30,A2,4,A2-0402,96,69,0.86,0.13,15:20,15:50,18:30,19:00
SCH00074,LHP0052,Wed,Thu 4,Ca1,06:45,09:25,B,2,B-0205,60,48,0.79,0.21,06:15,06:45,09:25,09:55
SCH00075,LHP0052,Fri,Thu 6,Ca3,13:00,15:40,A2,10,A2-1012,97,48,0.79,0.21,12:30,13:00,15:40,16:10
SCH00076,LHP0053,Fri,Thu 6,Ca1,06:45,09:25,A2,7,A2-0704,100,59,0.84,0.19,06:15,06:45,09:25,09:55
SCH00077,LHP0054,Mon,Thu 2,Ca1,06:45,09:25,D,2,D-0208,74,72,0.77,0.15,06:15,06:45,09:25,09:55
SCH00078,LHP0054,Wed,Thu 4,Ca2,09:35,12:15,A2,7,A2-0711,84,72,0.77,0.15,09:05,09:35,12:15,12:45
SCH00079,LHP0055,Fri,Thu 6,Ca1,06:45,09:25,B,3,B-0302,51,35,0.91,0.2,06:15,06:45,09:25,09:55
SCH00080,LHP0055,Sat,Thu 7,Ca1,06:45,09:25,A2,8,A2-0813,107,35,0.91,0.2,06:15,06:45,09:25,09:55
SCH00081,LHP0056,Mon,Thu 2,Ca2,09:35,12:15,A2,3,A2-0311,104,42,0.78,0.06,09:05,09:35,12:15,12:45
SCH00082,LHP0056,Wed,Thu 4,Ca2,09:35,12:15,A2,4,A2-0413,103,42,0.78,0.06,09:05,09:35,12:15,12:45
SCH00083,LHP0057,Mon,Thu 2,Ca1,06:45,09:25,A2,3,A2-0302,90,79,0.76,0.13,06:15,06:45,09:25,09:55
SCH00084,LHP0057,Wed,Thu 4,Ca3,13:00,15:40,D,4,D-0407,80,79,0.76,0.13,12:30,13:00,15:40,16:10
SCH00085,LHP0058,Fri,Thu 6,Ca1,06:45,09:25,A2,9,A2-0913,107,75,0.89,0.15,06:15,06:45,09:25,09:55
SCH00086,LHP0059,Sat,Thu 7,Ca1,06:45,09:25,A2,9,A2-0913,107,78,0.92,0.23,06:15,06:45,09:25,09:55
SCH00087,LHP0059,Wed,Thu 4,Ca2,09:35,12:15,A2,3,A2-0308,101,78,0.92,0.23,09:05,09:35,12:15,12:45
SCH00088,LHP0060,Fri,Thu 6,Ca1,06:45,09:25,A2,10,A2-1011,114,41,0.91,0.19,06:15,06:45,09:25,09:55
SCH00089,LHP0061,Thu,Thu 5,Ca2,09:35,12:15,B,2,B-0205,60,45,0.93,0.07,09:05,09:35,12:15,12:45
SCH00090,LHP0062,Mon,Thu 2,Ca3,13:00,15:40,A2,9,A2-0911,120,72,0.86,0.16,12:30,13:00,15:40,16:10
SCH00091,LHP0063,Thu,Thu 5,Ca3,13:00,15:40,A2,4,A2-0414,116,69,0.91,0.23,12:30,13:00,15:40,16:10
SCH00092,LHP0064,Fri,Thu 6,Ca1,06:45,09:25,A2,7,A2-0708,100,58,0.93,0.2,06:15,06:45,09:25,09:55
SCH00093,LHP0065,Wed,Thu 4,Ca1,06:45,09:25,A2,8,A2-0802,111,78,0.8,0.18,06:15,06:45,09:25,09:55
SCH00094,LHP0065,Thu,Thu 5,Ca4,15:50,18:30,A2,1,A2-0112,107,78,0.8,0.18,15:20,15:50,18:30,19:00
SCH00095,LHP0066,Thu,Thu 5,Ca1,06:45,09:25,D,5,D-0501,67,61,0.88,0.1,06:15,06:45,09:25,09:55
SCH00096,LHP0067,Thu,Thu 5,Ca2,09:35,12:15,A2,9,A2-0903,94,45,0.8,0.11,09:05,09:35,12:15,12:45
SCH00097,LHP0068,Sat,Thu 7,Ca1,06:45,09:25,C,2,C-0205,42,39,0.8,0.19,06:15,06:45,09:25,09:55
SCH00098,LHP0068,Tue,Thu 3,Ca3,13:00,15:40,A2,3,A2-0312,86,39,0.8,0.19,12:30,13:00,15:40,16:10
SCH00099,LHP0069,Mon,Thu 2,Ca3,13:00,15:40,D,2,D-0203,80,56,0.83,0.16,12:30,13:00,15:40,16:10
SCH00100,LHP0070,Tue,Thu 3,Ca2,09:35,12:15,C,3,C-0306,59,56,0.83,0.2,09:05,09:35,12:15,12:45
SCH00101,LHP0070,Mon,Thu 2,Ca1,06:45,09:25,C,2,C-0201,58,56,0.83,0.2,06:15,06:45,09:25,09:55
SCH00102,LHP0071,Wed,Thu 4,Ca2,09:35,12:15,A2,4,A2-0402,96,78,0.87,0.15,09:05,09:35,12:15,12:45
SCH00103,LHP0071,Mon,Thu 2,Ca2,09:35,12:15,A2,4,A2-0405,114,78,0.87,0.15,09:05,09:35,12:15,12:45
SCH00104,LHP0072,Wed,Thu 4,Ca1,06:45,09:25,A2,2,A2-0212,108,78,0.83,0.23,06:15,06:45,09:25,09:55
SCH00105,LHP0072,Fri,Thu 6,Ca1,06:45,09:25,A2,1,A2-0109,114,78,0.83,0.23,06:15,06:45,09:25,09:55
SCH00106,LHP0073,Wed,Thu 4,Ca3,13:00,15:40,A2,10,A2-1014,87,77,0.9,0.21,12:30,13:00,15:40,16:10
SCH00107,LHP0073,Mon,Thu 2,Ca1,06:45,09:25,A2,7,A2-0704,100,77,0.9,0.21,06:15,06:45,09:25,09:55
SCH00108,LHP0074,Thu,Thu 5,Ca1,06:45,09:25,A2,3,A2-0307,93,44,0.8,0.15,06:15,06:45,09:25,09:55
SCH00109,LHP0075,Sat,Thu 7,Ca2,09:35,12:15,A2,7,A2-0705,83,76,0.78,0.14,09:05,09:35,12:15,12:45
SCH00110,LHP0076,Tue,Thu 3,Ca1,06:45,09:25,A2,10,A2-1012,97,64,0.76,0.13,06:15,06:45,09:25,09:55
SCH00111,LHP0077,Mon,Thu 2,Ca1,06:45,09:25,A2,6,A2-0606,118,35,0.88,0.08,06:15,06:45,09:25,09:55
SCH00112,LHP0078,Sat,Thu 7,Ca2,09:35,12:15,C,3,C-0307,53,46,0.83,0.09,09:05,09:35,12:15,12:45
SCH00113,LHP0079,Fri,Thu 6,Ca3,13:00,15:40,A2,4,A2-0411,120,47,0.9,0.22,12:30,13:00,15:40,16:10
SCH00114,LHP0080,Wed,Thu 4,Ca4,15:50,18:30,A2,7,A2-0712,93,60,0.75,0.16,15:20,15:50,18:30,19:00
SCH00115,LHP0080,Thu,Thu 5,Ca4,15:50,18:30,A2,1,A2-0108,86,60,0.75,0.16,15:20,15:50,18:30,19:00
SCH00116,LHP0081,Thu,Thu 5,Ca2,09:35,12:15,A2,2,A2-0212,108,44,0.88,0.21,09:05,09:35,12:15,12:45
SCH00117,LHP0081,Tue,Thu 3,Ca4,15:50,18:30,A2,9,A2-0909,87,44,0.88,0.21,15:20,15:50,18:30,19:00
SCH00118,LHP0082,Fri,Thu 6,Ca3,13:00,15:40,B,1,B-0106,48,45,0.79,0.05,12:30,13:00,15:40,16:10
SCH00119,LHP0083,Mon,Thu 2,Ca3,13:00,15:40,B,2,B-0203,60,60,0.88,0.16,12:30,13:00,15:40,16:10
SCH00120,LHP0084,Fri,Thu 6,Ca2,09:35,12:15,A2,10,A2-1006,113,79,0.82,0.17,09:05,09:35,12:15,12:45
SCH00121,LHP0084,Wed,Thu 4,Ca1,06:45,09:25,A2,4,A2-0413,103,79,0.82,0.17,06:15,06:45,09:25,09:55
SCH00122,LHP0085,Tue,Thu 3,Ca1,06:45,09:25,D,1,D-0105,82,79,0.91,0.24,06:15,06:45,09:25,09:55
SCH00123,LHP0086,Fri,Thu 6,Ca1,06:45,09:25,A2,9,A2-0902,103,49,0.87,0.23,06:15,06:45,09:25,09:55
SCH00124,LHP0087,Wed,Thu 4,Ca2,09:35,12:15,A2,9,A2-0908,83,34,0.87,0.22,09:05,09:35,12:15,12:45
SCH00125,LHP0088,Mon,Thu 2,Ca1,06:45,09:25,A2,10,A2-1001,84,73,0.87,0.07,06:15,06:45,09:25,09:55
SCH00126,LHP0088,Fri,Thu 6,Ca1,06:45,09:25,A2,5,A2-0512,120,73,0.87,0.07,06:15,06:45,09:25,09:55
SCH00127,LHP0089,Thu,Thu 5,Ca2,09:35,12:15,A2,1,A2-0107,88,52,0.86,0.18,09:05,09:35,12:15,12:45
SCH00128,LHP0090,Mon,Thu 2,Ca3,13:00,15:40,B,1,B-0107,56,30,0.92,0.21,12:30,13:00,15:40,16:10
SCH00129,LHP0091,Mon,Thu 2,Ca1,06:45,09:25,A2,4,A2-0402,96,70,0.93,0.14,06:15,06:45,09:25,09:55
SCH00130,LHP0092,Wed,Thu 4,Ca3,13:00,15:40,A2,9,A2-0907,85,76,0.85,0.18,12:30,13:00,15:40,16:10
SCH00131,LHP0092,Mon,Thu 2,Ca3,13:00,15:40,D,2,D-0206,88,76,0.85,0.18,12:30,13:00,15:40,16:10
SCH00132,LHP0093,Wed,Thu 4,Ca3,13:00,15:40,A2,3,A2-0313,102,79,0.85,0.14,12:30,13:00,15:40,16:10
SCH00133,LHP0093,Mon,Thu 2,Ca3,13:00,15:40,A2,7,A2-0713,116,79,0.85,0.14,12:30,13:00,15:40,16:10
SCH00134,LHP0094,Mon,Thu 2,Ca1,06:45,09:25,A2,4,A2-0411,120,50,0.92,0.22,06:15,06:45,09:25,09:55
SCH00135,LHP0095,Fri,Thu 6,Ca1,06:45,09:25,A2,10,A2-1008,115,45,0.9,0.16,06:15,06:45,09:25,09:55
SCH00136,LHP0095,Mon,Thu 2,Ca1,06:45,09:25,A2,9,A2-0906,111,45,0.9,0.16,06:15,06:45,09:25,09:55
SCH00137,LHP0096,Wed,Thu 4,Ca1,06:45,09:25,A2,9,A2-0913,107,31,0.85,0.12,06:15,06:45,09:25,09:55
SCH00138,LHP0097,Wed,Thu 4,Ca3,13:00,15:40,A2,8,A2-0809,115,46,0.82,0.23,12:30,13:00,15:40,16:10
SCH00139,LHP0097,Fri,Thu 6,Ca3,13:00,15:40,A2,6,A2-0603,93,46,0.82,0.23,12:30,13:00,15:40,16:10
SCH00140,LHP0098,Fri,Thu 6,Ca3,13:00,15:40,A2,6,A2-0609,114,65,0.75,0.24,12:30,13:00,15:40,16:10
SCH00141,LHP0099,Wed,Thu 4,Ca1,06:45,09:25,A2,6,A2-0601,103,61,0.86,0.1,06:15,06:45,09:25,09:55
SCH00142,LHP0100,Sat,Thu 7,Ca1,06:45,09:25,D,5,D-0508,76,58,0.91,0.07,06:15,06:45,09:25,09:55
SCH00143,LHP0101,Wed,Thu 4,Ca3,13:00,15:40,B,1,B-0101,49,49,0.88,0.12,12:30,13:00,15:40,16:10
SCH00144,LHP0102,Mon,Thu 2,Ca1,06:45,09:25,B,3,B-0307,59,57,0.95,0.16,06:15,06:45,09:25,09:55
SCH00145,LHP0103,Sat,Thu 7,Ca2,09:35,12:15,D,1,D-0105,82,47,0.81,0.1,09:05,09:35,12:15,12:45
SCH00146,LHP0103,Mon,Thu 2,Ca1,06:45,09:25,A2,4,A2-0408,85,47,0.81,0.1,06:15,06:45,09:25,09:55
SCH00147,LHP0104,Mon,Thu 2,Ca3,13:00,15:40,B,1,B-0105,40,37,0.9,0.24,12:30,13:00,15:40,16:10
SCH00148,LHP0104,Wed,Thu 4,Ca2,09:35,12:15,A2,2,A2-0201,85,37,0.9,0.24,09:05,09:35,12:15,12:45
SCH00149,LHP0105,Fri,Thu 6,Ca3,13:00,15:40,A2,5,A2-0508,86,43,0.9,0.11,12:30,13:00,15:40,16:10
SCH00150,LHP0106,Tue,Thu 3,Ca1,06:45,09:25,D,5,D-0505,87,68,0.81,0.07,06:15,06:45,09:25,09:55
SCH00151,LHP0107,Mon,Thu 2,Ca2,09:35,12:15,A2,8,A2-0814,117,53,0.79,0.05,09:05,09:35,12:15,12:45
SCH00152,LHP0108,Wed,Thu 4,Ca3,13:00,15:40,B,2,B-0201,56,32,0.94,0.16,12:30,13:00,15:40,16:10
SCH00153,LHP0108,Sat,Thu 7,Ca2,09:35,12:15,A2,10,A2-1002,104,32,0.94,0.16,09:05,09:35,12:15,12:45
SCH00154,LHP0109,Mon,Thu 2,Ca1,06:45,09:25,A2,7,A2-0710,97,70,0.92,0.15,06:15,06:45,09:25,09:55
SCH00155,LHP0109,Wed,Thu 4,Ca2,09:35,12:15,A2,6,A2-0613,104,70,0.92,0.15,09:05,09:35,12:15,12:45
SCH00156,LHP0110,Sat,Thu 7,Ca1,06:45,09:25,D,1,D-0103,84,48,0.84,0.14,06:15,06:45,09:25,09:55
SCH00157,LHP0111,Wed,Thu 4,Ca1,06:45,09:25,A2,8,A2-0810,114,46,0.94,0.15,06:15,06:45,09:25,09:55
SCH00158,LHP0111,Mon,Thu 2,Ca1,06:45,09:25,A2,7,A2-0705,83,46,0.94,0.15,06:15,06:45,09:25,09:55
SCH00159,LHP0112,Thu,Thu 5,Ca1,06:45,09:25,A2,6,A2-0605,84,61,0.76,0.18,06:15,06:45,09:25,09:55
SCH00160,LHP0113,Sat,Thu 7,Ca2,09:35,12:15,A2,3,A2-0307,93,66,0.94,0.07,09:05,09:35,12:15,12:45
SCH00161,LHP0114,Sat,Thu 7,Ca3,13:00,15:40,A2,1,A2-0106,94,78,0.83,0.17,12:30,13:00,15:40,16:10
SCH00162,LHP0114,Wed,Thu 4,Ca1,06:45,09:25,A2,4,A2-0414,116,78,0.83,0.17,06:15,06:45,09:25,09:55
SCH00163,LHP0115,Fri,Thu 6,Ca1,06:45,09:25,D,1,D-0108,69,54,0.84,0.14,06:15,06:45,09:25,09:55
SCH00164,LHP0115,Wed,Thu 4,Ca3,13:00,15:40,B,2,B-0203,60,54,0.84,0.14,12:30,13:00,15:40,16:10
SCH00165,LHP0116,Sat,Thu 7,Ca2,09:35,12:15,B,1,B-0104,54,49,0.86,0.06,09:05,09:35,12:15,12:45
SCH00166,LHP0116,Thu,Thu 5,Ca3,13:00,15:40,A2,10,A2-1013,101,49,0.86,0.06,12:30,13:00,15:40,16:10
SCH00167,LHP0117,Mon,Thu 2,Ca1,06:45,09:25,A2,2,A2-0204,112,78,0.79,0.09,06:15,06:45,09:25,09:55
SCH00168,LHP0117,Wed,Thu 4,Ca1,06:45,09:25,A2,2,A2-0213,117,78,0.79,0.09,06:15,06:45,09:25,09:55
SCH00169,LHP0118,Fri,Thu 6,Ca2,09:35,12:15,D,4,D-0406,82,45,0.78,0.07,09:05,09:35,12:15,12:45
SCH00170,LHP0119,Sat,Thu 7,Ca3,13:00,15:40,D,1,D-0107,82,74,0.87,0.11,12:30,13:00,15:40,16:10
SCH00171,LHP0120,Tue,Thu 3,Ca2,09:35,12:15,A2,2,A2-0211,94,74,0.92,0.06,09:05,09:35,12:15,12:45
SCH00172,LHP0121,Mon,Thu 2,Ca1,06:45,09:25,A2,2,A2-0210,106,80,0.91,0.17,06:15,06:45,09:25,09:55
SCH00173,LHP0121,Tue,Thu 3,Ca3,13:00,15:40,A2,3,A2-0309,86,80,0.91,0.17,12:30,13:00,15:40,16:10
SCH00174,LHP0122,Mon,Thu 2,Ca2,09:35,12:15,A2,8,A2-0808,95,57,0.77,0.09,09:05,09:35,12:15,12:45
SCH00175,LHP0123,Tue,Thu 3,Ca2,09:35,12:15,A2,7,A2-0713,116,39,0.76,0.08,09:05,09:35,12:15,12:45
SCH00176,LHP0124,Wed,Thu 4,Ca3,13:00,15:40,C,2,C-0201,58,48,0.84,0.14,12:30,13:00,15:40,16:10
SCH00177,LHP0125,Wed,Thu 4,Ca1,06:45,09:25,C,1,C-0105,49,47,0.85,0.15,06:15,06:45,09:25,09:55
SCH00178,LHP0126,Fri,Thu 6,Ca3,13:00,15:40,A2,6,A2-0605,84,57,0.9,0.17,12:30,13:00,15:40,16:10
SCH00179,LHP0127,Wed,Thu 4,Ca1,06:45,09:25,A2,10,A2-1003,104,73,0.92,0.17,06:15,06:45,09:25,09:55
SCH00180,LHP0127,Fri,Thu 6,Ca3,13:00,15:40,A2,9,A2-0912,90,73,0.92,0.17,12:30,13:00,15:40,16:10
SCH00181,LHP0128,Mon,Thu 2,Ca1,06:45,09:25,A2,5,A2-0506,85,66,0.76,0.2,06:15,06:45,09:25,09:55
SCH00182,LHP0129,Fri,Thu 6,Ca4,15:50,18:30,B,1,B-0107,56,47,0.79,0.17,15:20,15:50,18:30,19:00
SCH00183,LHP0129,Tue,Thu 3,Ca3,13:00,15:40,A2,2,A2-0208,92,47,0.79,0.17,12:30,13:00,15:40,16:10
SCH00184,LHP0130,Wed,Thu 4,Ca3,13:00,15:40,D,1,D-0107,82,35,0.84,0.13,12:30,13:00,15:40,16:10
SCH00185,LHP0131,Sat,Thu 7,Ca4,15:50,18:30,C,2,C-0201,58,40,0.82,0.19,15:20,15:50,18:30,19:00
SCH00186,LHP0132,Tue,Thu 3,Ca1,06:45,09:25,A2,2,A2-0212,108,78,0.86,0.14,06:15,06:45,09:25,09:55
SCH00187,LHP0133,Fri,Thu 6,Ca1,06:45,09:25,A2,10,A2-1006,113,37,0.94,0.13,06:15,06:45,09:25,09:55
SCH00188,LHP0134,Mon,Thu 2,Ca3,13:00,15:40,D,1,D-0103,84,72,0.92,0.14,12:30,13:00,15:40,16:10
SCH00189,LHP0135,Thu,Thu 5,Ca1,06:45,09:25,B,1,B-0104,54,53,0.87,0.15,06:15,06:45,09:25,09:55
SCH00190,LHP0136,Mon,Thu 2,Ca2,09:35,12:15,C,3,C-0308,46,43,0.8,0.08,09:05,09:35,12:15,12:45
SCH00191,LHP0137,Tue,Thu 3,Ca3,13:00,15:40,A2,2,A2-0207,115,37,0.76,0.18,12:30,13:00,15:40,16:10
SCH00192,LHP0137,Wed,Thu 4,Ca2,09:35,12:15,A2,10,A2-1012,97,37,0.76,0.18,09:05,09:35,12:15,12:45
SCH00193,LHP0138,Wed,Thu 4,Ca2,09:35,12:15,A2,7,A2-0713,116,49,0.86,0.16,09:05,09:35,12:15,12:45
SCH00194,LHP0139,Mon,Thu 2,Ca3,13:00,15:40,A2,7,A2-0712,93,59,0.94,0.18,12:30,13:00,15:40,16:10
SCH00195,LHP0140,Fri,Thu 6,Ca1,06:45,09:25,A2,8,A2-0809,115,62,0.89,0.13,06:15,06:45,09:25,09:55
SCH00196,LHP0141,Fri,Thu 6,Ca3,13:00,15:40,C,3,C-0303,45,45,0.84,0.08,12:30,13:00,15:40,16:10
SCH00197,LHP0142,Mon,Thu 2,Ca4,15:50,18:30,A2,3,A2-0310,85,62,0.9,0.08,15:20,15:50,18:30,19:00
SCH00198,LHP0143,Fri,Thu 6,Ca2,09:35,12:15,A2,7,A2-0704,100,51,0.94,0.15,09:05,09:35,12:15,12:45
SCH00199,LHP0143,Mon,Thu 2,Ca2,09:35,12:15,A2,5,A2-0501,92,51,0.94,0.15,09:05,09:35,12:15,12:45
SCH00200,LHP0144,Wed,Thu 4,Ca3,13:00,15:40,A2,8,A2-0811,96,76,0.81,0.17,12:30,13:00,15:40,16:10
SCH00201,LHP0144,Fri,Thu 6,Ca2,09:35,12:15,A2,1,A2-0109,114,76,0.81,0.17,09:05,09:35,12:15,12:45
SCH00202,LHP0145,Fri,Thu 6,Ca2,09:35,12:15,C,2,C-0206,57,39,0.84,0.15,09:05,09:35,12:15,12:45
SCH00203,LHP0146,Fri,Thu 6,Ca2,09:35,12:15,B,3,B-0305,56,54,0.84,0.11,09:05,09:35,12:15,12:45
SCH00204,LHP0147,Fri,Thu 6,Ca2,09:35,12:15,A2,9,A2-0908,83,66,0.83,0.22,09:05,09:35,12:15,12:45
SCH00205,LHP0148,Fri,Thu 6,Ca2,09:35,12:15,D,1,D-0102,77,77,0.84,0.23,09:05,09:35,12:15,12:45
SCH00206,LHP0149,Tue,Thu 3,Ca1,06:45,09:25,D,1,D-0103,84,61,0.94,0.08,06:15,06:45,09:25,09:55
SCH00207,LHP0149,Mon,Thu 2,Ca3,13:00,15:40,A2,2,A2-0208,92,61,0.94,0.08,12:30,13:00,15:40,16:10
SCH00208,LHP0150,Fri,Thu 6,Ca2,09:35,12:15,A2,1,A2-0114,81,36,0.92,0.14,09:05,09:35,12:15,12:45
SCH00209,LHP0151,Wed,Thu 4,Ca3,13:00,15:40,A2,8,A2-0804,109,30,0.89,0.13,12:30,13:00,15:40,16:10
SCH00210,LHP0151,Sat,Thu 7,Ca3,13:00,15:40,B,3,B-0307,59,30,0.89,0.13,12:30,13:00,15:40,16:10
SCH00211,LHP0152,Mon,Thu 2,Ca2,09:35,12:15,B,2,B-0203,60,34,0.84,0.24,09:05,09:35,12:15,12:45
SCH00212,LHP0153,Mon,Thu 2,Ca2,09:35,12:15,A2,8,A2-0802,111,71,0.77,0.12,09:05,09:35,12:15,12:45
SCH00213,LHP0153,Fri,Thu 6,Ca3,13:00,15:40,A2,7,A2-0710,97,71,0.77,0.12,12:30,13:00,15:40,16:10
SCH00214,LHP0154,Sat,Thu 7,Ca2,09:35,12:15,C,3,C-0302,57,54,0.94,0.18,09:05,09:35,12:15,12:45
SCH00215,LHP0154,Wed,Thu 4,Ca1,06:45,09:25,C,3,C-0305,56,54,0.94,0.18,06:15,06:45,09:25,09:55
SCH00216,LHP0155,Wed,Thu 4,Ca1,06:45,09:25,A2,8,A2-0808,95,64,0.76,0.06,06:15,06:45,09:25,09:55
SCH00217,LHP0155,Fri,Thu 6,Ca1,06:45,09:25,A2,7,A2-0703,94,64,0.76,0.06,06:15,06:45,09:25,09:55
SCH00218,LHP0156,Fri,Thu 6,Ca2,09:35,12:15,A2,9,A2-0912,90,44,0.9,0.14,09:05,09:35,12:15,12:45
SCH00219,LHP0157,Mon,Thu 2,Ca2,09:35,12:15,A2,6,A2-0604,97,58,0.78,0.11,09:05,09:35,12:15,12:45
SCH00220,LHP0158,Sat,Thu 7,Ca2,09:35,12:15,A2,1,A2-0105,95,80,0.76,0.12,09:05,09:35,12:15,12:45
SCH00221,LHP0159,Mon,Thu 2,Ca2,09:35,12:15,A2,4,A2-0408,85,63,0.83,0.19,09:05,09:35,12:15,12:45
SCH00222,LHP0160,Wed,Thu 4,Ca1,06:45,09:25,A2,2,A2-0201,85,35,0.87,0.13,06:15,06:45,09:25,09:55
SCH00223,LHP0160,Fri,Thu 6,Ca3,13:00,15:40,A2,3,A2-0306,89,35,0.87,0.13,12:30,13:00,15:40,16:10
SCH00224,LHP0161,Mon,Thu 2,Ca1,06:45,09:25,A2,9,A2-0913,107,67,0.78,0.14,06:15,06:45,09:25,09:55
SCH00225,LHP0162,Fri,Thu 6,Ca1,06:45,09:25,D,4,D-0406,82,72,0.75,0.21,06:15,06:45,09:25,09:55
SCH00226,LHP0162,Wed,Thu 4,Ca2,09:35,12:15,A2,10,A2-1003,104,72,0.75,0.21,09:05,09:35,12:15,12:45
SCH00227,LHP0163,Sat,Thu 7,Ca4,15:50,18:30,A2,7,A2-0703,94,40,0.76,0.24,15:20,15:50,18:30,19:00
SCH00228,LHP0163,Fri,Thu 6,Ca2,09:35,12:15,D,2,D-0202,81,40,0.76,0.24,09:05,09:35,12:15,12:45
SCH00229,LHP0164,Wed,Thu 4,Ca3,13:00,15:40,A2,2,A2-0202,93,70,0.94,0.19,12:30,13:00,15:40,16:10
SCH00230,LHP0165,Tue,Thu 3,Ca2,09:35,12:15,A2,3,A2-0314,102,42,0.95,0.22,09:05,09:35,12:15,12:45
SCH00231,LHP0166,Mon,Thu 2,Ca3,13:00,15:40,A2,4,A2-0402,96,66,0.82,0.11,12:30,13:00,15:40,16:10
SCH00232,LHP0166,Wed,Thu 4,Ca3,13:00,15:40,A2,9,A2-0903,94,66,0.82,0.11,12:30,13:00,15:40,16:10
SCH00233,LHP0167,Wed,Thu 4,Ca2,09:35,12:15,A2,2,A2-0212,108,72,0.83,0.05,09:05,09:35,12:15,12:45
SCH00234,LHP0167,Mon,Thu 2,Ca1,06:45,09:25,A2,10,A2-1010,87,72,0.83,0.05,06:15,06:45,09:25,09:55
SCH00235,LHP0168,Thu,Thu 5,Ca4,15:50,18:30,A2,4,A2-0411,120,68,0.9,0.22,15:20,15:50,18:30,19:00
SCH00236,LHP0168,Wed,Thu 4,Ca2,09:35,12:15,D,5,D-0503,88,68,0.9,0.22,09:05,09:35,12:15,12:45
SCH00237,LHP0169,Thu,Thu 5,Ca1,06:45,09:25,A2,3,A2-0310,85,68,0.91,0.09,06:15,06:45,09:25,09:55
SCH00238,LHP0170,Fri,Thu 6,Ca3,13:00,15:40,A2,1,A2-0111,117,73,0.9,0.2,12:30,13:00,15:40,16:10
SCH00239,LHP0170,Thu,Thu 5,Ca2,09:35,12:15,A2,5,A2-0511,109,73,0.9,0.2,09:05,09:35,12:15,12:45
SCH00240,LHP0171,Tue,Thu 3,Ca1,06:45,09:25,A2,5,A2-0501,92,70,0.77,0.18,06:15,06:45,09:25,09:55
SCH00241,LHP0172,Thu,Thu 5,Ca3,13:00,15:40,A2,2,A2-0211,94,32,0.87,0.2,12:30,13:00,15:40,16:10
SCH00242,LHP0173,Thu,Thu 5,Ca1,06:45,09:25,A2,9,A2-0901,105,50,0.9,0.09,06:15,06:45,09:25,09:55
SCH00243,LHP0174,Tue,Thu 3,Ca2,09:35,12:15,A2,5,A2-0506,85,53,0.86,0.23,09:05,09:35,12:15,12:45
SCH00244,LHP0174,Sat,Thu 7,Ca3,13:00,15:40,D,2,D-0208,74,53,0.86,0.23,12:30,13:00,15:40,16:10
SCH00245,LHP0175,Mon,Thu 2,Ca1,06:45,09:25,B,2,B-0203,60,60,0.94,0.11,06:15,06:45,09:25,09:55
SCH00246,LHP0175,Fri,Thu 6,Ca3,13:00,15:40,B,2,B-0205,60,60,0.94,0.11,12:30,13:00,15:40,16:10
SCH00247,LHP0176,Mon,Thu 2,Ca1,06:45,09:25,A2,3,A2-0306,89,59,0.94,0.08,06:15,06:45,09:25,09:55
SCH00248,LHP0176,Wed,Thu 4,Ca2,09:35,12:15,B,2,B-0205,60,59,0.94,0.08,09:05,09:35,12:15,12:45
SCH00249,LHP0177,Thu,Thu 5,Ca3,13:00,15:40,A2,9,A2-0909,87,65,0.82,0.21,12:30,13:00,15:40,16:10
SCH00250,LHP0178,Wed,Thu 4,Ca1,06:45,09:25,A2,5,A2-0502,84,37,0.84,0.18,06:15,06:45,09:25,09:55
SCH00251,LHP0178,Mon,Thu 2,Ca1,06:45,09:25,A2,8,A2-0811,96,37,0.84,0.18,06:15,06:45,09:25,09:55
SCH00252,LHP0179,Sat,Thu 7,Ca1,06:45,09:25,A2,1,A2-0111,117,54,0.91,0.24,06:15,06:45,09:25,09:55
SCH00253,LHP0180,Mon,Thu 2,Ca3,13:00,15:40,A2,5,A2-0508,86,60,0.76,0.23,12:30,13:00,15:40,16:10
SCH00254,LHP0181,Tue,Thu 3,Ca1,06:45,09:25,C,2,C-0201,58,44,0.88,0.18,06:15,06:45,09:25,09:55
SCH00255,LHP0182,Mon,Thu 2,Ca1,06:45,09:25,A2,7,A2-0702,115,71,0.83,0.08,06:15,06:45,09:25,09:55
SCH00256,LHP0182,Tue,Thu 3,Ca1,06:45,09:25,A2,2,A2-0208,92,71,0.83,0.08,06:15,06:45,09:25,09:55
SCH00257,LHP0183,Mon,Thu 2,Ca3,13:00,15:40,A2,2,A2-0202,93,61,0.77,0.1,12:30,13:00,15:40,16:10
SCH00258,LHP0184,Fri,Thu 6,Ca4,15:50,18:30,D,2,D-0202,81,59,0.82,0.24,15:20,15:50,18:30,19:00
SCH00259,LHP0184,Tue,Thu 3,Ca3,13:00,15:40,D,4,D-0408,61,59,0.82,0.24,12:30,13:00,15:40,16:10
SCH00260,LHP0185,Sat,Thu 7,Ca3,13:00,15:40,B,3,B-0304,57,56,0.87,0.2,12:30,13:00,15:40,16:10
SCH00261,LHP0185,Mon,Thu 2,Ca3,13:00,15:40,A2,6,A2-0608,90,56,0.87,0.2,12:30,13:00,15:40,16:10
SCH00262,LHP0186,Fri,Thu 6,Ca1,06:45,09:25,D,3,D-0305,70,61,0.87,0.24,06:15,06:45,09:25,09:55
SCH00263,LHP0187,Wed,Thu 4,Ca3,13:00,15:40,A2,4,A2-0413,103,43,0.84,0.24,12:30,13:00,15:40,16:10
SCH00264,LHP0187,Thu,Thu 5,Ca1,06:45,09:25,A2,1,A2-0109,114,43,0.84,0.24,06:15,06:45,09:25,09:55
SCH00265,LHP0188,Sat,Thu 7,Ca1,06:45,09:25,A2,5,A2-0509,104,73,0.82,0.23,06:15,06:45,09:25,09:55
SCH00266,LHP0188,Fri,Thu 6,Ca3,13:00,15:40,A2,5,A2-0503,82,73,0.82,0.23,12:30,13:00,15:40,16:10
SCH00267,LHP0189,Wed,Thu 4,Ca2,09:35,12:15,C,3,C-0301,55,55,0.81,0.24,09:05,09:35,12:15,12:45
SCH00268,LHP0189,Fri,Thu 6,Ca1,06:45,09:25,A2,10,A2-1013,101,55,0.81,0.24,06:15,06:45,09:25,09:55
SCH00269,LHP0190,Mon,Thu 2,Ca1,06:45,09:25,D,1,D-0103,84,35,0.88,0.18,06:15,06:45,09:25,09:55
SCH00270,LHP0191,Mon,Thu 2,Ca1,06:45,09:25,C,2,C-0205,42,33,0.91,0.1,06:15,06:45,09:25,09:55
SCH00271,LHP0192,Mon,Thu 2,Ca1,06:45,09:25,A2,6,A2-0613,104,43,0.76,0.2,06:15,06:45,09:25,09:55
SCH00272,LHP0193,Mon,Thu 2,Ca2,09:35,12:15,D,1,D-0104,83,44,0.82,0.08,09:05,09:35,12:15,12:45
SCH00273,LHP0193,Wed,Thu 4,Ca4,15:50,18:30,A2,4,A2-0407,104,44,0.82,0.08,15:20,15:50,18:30,19:00
SCH00274,LHP0194,Wed,Thu 4,Ca2,09:35,12:15,D,3,D-0305,70,47,0.92,0.08,09:05,09:35,12:15,12:45
SCH00275,LHP0195,Mon,Thu 2,Ca1,06:45,09:25,A2,9,A2-0902,103,41,0.77,0.22,06:15,06:45,09:25,09:55
SCH00276,LHP0196,Wed,Thu 4,Ca4,15:50,18:30,A2,2,A2-0204,112,80,0.91,0.17,15:20,15:50,18:30,19:00
SCH00277,LHP0197,Mon,Thu 2,Ca3,13:00,15:40,C,1,C-0106,47,33,0.78,0.13,12:30,13:00,15:40,16:10
SCH00278,LHP0198,Sat,Thu 7,Ca1,06:45,09:25,B,2,B-0205,60,60,0.84,0.12,06:15,06:45,09:25,09:55
SCH00279,LHP0199,Tue,Thu 3,Ca3,13:00,15:40,A2,4,A2-0407,104,62,0.79,0.17,12:30,13:00,15:40,16:10
SCH00280,LHP0199,Fri,Thu 6,Ca3,13:00,15:40,A2,3,A2-0302,90,62,0.79,0.17,12:30,13:00,15:40,16:10
SCH00281,LHP0200,Mon,Thu 2,Ca1,06:45,09:25,A2,6,A2-0601,103,49,0.84,0.24,06:15,06:45,09:25,09:55
SCH00282,LHP0201,Wed,Thu 4,Ca3,13:00,15:40,C,3,C-0302,57,55,0.84,0.07,12:30,13:00,15:40,16:10
SCH00283,LHP0201,Mon,Thu 2,Ca1,06:45,09:25,C,3,C-0306,59,55,0.84,0.07,06:15,06:45,09:25,09:55
SCH00284,LHP0202,Fri,Thu 6,Ca3,13:00,15:40,C,3,C-0302,57,34,0.93,0.11,12:30,13:00,15:40,16:10
SCH00285,LHP0203,Wed,Thu 4,Ca1,06:45,09:25,D,1,D-0103,84,47,0.87,0.17,06:15,06:45,09:25,09:55
SCH00286,LHP0203,Mon,Thu 2,Ca3,13:00,15:40,C,3,C-0307,53,47,0.87,0.17,12:30,13:00,15:40,16:10
SCH00287,LHP0204,Mon,Thu 2,Ca4,15:50,18:30,A2,10,A2-1010,87,68,0.86,0.14,15:20,15:50,18:30,19:00
SCH00288,LHP0204,Fri,Thu 6,Ca3,13:00,15:40,A2,9,A2-0913,107,68,0.86,0.14,12:30,13:00,15:40,16:10
SCH00289,LHP0205,Mon,Thu 2,Ca1,06:45,09:25,A2,7,A2-0713,116,80,0.89,0.22,06:15,06:45,09:25,09:55
SCH00290,LHP0205,Wed,Thu 4,Ca4,15:50,18:30,A2,6,A2-0611,90,80,0.89,0.22,15:20,15:50,18:30,19:00
SCH00291,LHP0206,Thu,Thu 5,Ca3,13:00,15:40,A2,3,A2-0303,107,76,0.92,0.14,12:30,13:00,15:40,16:10
SCH00292,LHP0206,Mon,Thu 2,Ca4,15:50,18:30,A2,1,A2-0106,94,76,0.92,0.14,15:20,15:50,18:30,19:00
SCH00293,LHP0207,Fri,Thu 6,Ca1,06:45,09:25,A2,7,A2-0712,93,51,0.92,0.13,06:15,06:45,09:25,09:55
SCH00294,LHP0207,Tue,Thu 3,Ca2,09:35,12:15,D,5,D-0503,88,51,0.92,0.13,09:05,09:35,12:15,12:45
SCH00295,LHP0208,Sat,Thu 7,Ca2,09:35,12:15,A2,6,A2-0602,102,57,0.81,0.1,09:05,09:35,12:15,12:45
SCH00296,LHP0208,Fri,Thu 6,Ca1,06:45,09:25,B,3,B-0304,57,57,0.81,0.1,06:15,06:45,09:25,09:55
SCH00297,LHP0209,Wed,Thu 4,Ca2,09:35,12:15,A2,4,A2-0401,118,34,0.77,0.07,09:05,09:35,12:15,12:45
SCH00298,LHP0210,Wed,Thu 4,Ca1,06:45,09:25,D,3,D-0302,67,38,0.86,0.17,06:15,06:45,09:25,09:55
SCH00299,LHP0211,Mon,Thu 2,Ca3,13:00,15:40,D,2,D-0205,74,72,0.77,0.12,12:30,13:00,15:40,16:10
SCH00300,LHP0211,Sat,Thu 7,Ca3,13:00,15:40,D,4,D-0402,78,72,0.77,0.12,12:30,13:00,15:40,16:10
SCH00301,LHP0212,Sat,Thu 7,Ca2,09:35,12:15,A2,10,A2-1010,87,76,0.76,0.11,09:05,09:35,12:15,12:45
SCH00302,LHP0213,Mon,Thu 2,Ca2,09:35,12:15,A2,5,A2-0514,90,66,0.85,0.08,09:05,09:35,12:15,12:45
SCH00303,LHP0214,Wed,Thu 4,Ca1,06:45,09:25,B,3,B-0305,56,52,0.92,0.12,06:15,06:45,09:25,09:55
SCH00304,LHP0214,Thu,Thu 5,Ca4,15:50,18:30,A2,10,A2-1008,115,52,0.92,0.12,15:20,15:50,18:30,19:00
SCH00305,LHP0215,Sat,Thu 7,Ca1,06:45,09:25,B,1,B-0108,45,44,0.91,0.22,06:15,06:45,09:25,09:55
SCH00306,LHP0215,Fri,Thu 6,Ca2,09:35,12:15,D,2,D-0206,88,44,0.91,0.22,09:05,09:35,12:15,12:45
SCH00307,LHP0216,Wed,Thu 4,Ca3,13:00,15:40,A2,8,A2-0802,111,69,0.88,0.16,12:30,13:00,15:40,16:10
SCH00308,LHP0216,Fri,Thu 6,Ca2,09:35,12:15,A2,9,A2-0907,85,69,0.88,0.16,09:05,09:35,12:15,12:45
SCH00309,LHP0217,Wed,Thu 4,Ca1,06:45,09:25,D,5,D-0505,87,31,0.79,0.19,06:15,06:45,09:25,09:55
SCH00310,LHP0218,Fri,Thu 6,Ca3,13:00,15:40,D,5,D-0504,61,52,0.75,0.22,12:30,13:00,15:40,16:10
SCH00311,LHP0219,Sat,Thu 7,Ca3,13:00,15:40,C,2,C-0202,42,34,0.78,0.18,12:30,13:00,15:40,16:10
SCH00312,LHP0220,Thu,Thu 5,Ca3,13:00,15:40,A2,9,A2-0908,83,43,0.83,0.14,12:30,13:00,15:40,16:10
SCH00313,LHP0221,Wed,Thu 4,Ca1,06:45,09:25,A2,8,A2-0814,117,76,0.81,0.24,06:15,06:45,09:25,09:55
SCH00314,LHP0222,Wed,Thu 4,Ca3,13:00,15:40,B,3,B-0306,40,39,0.78,0.17,12:30,13:00,15:40,16:10
SCH00315,LHP0222,Fri,Thu 6,Ca3,13:00,15:40,A2,3,A2-0313,102,39,0.78,0.17,12:30,13:00,15:40,16:10
SCH00316,LHP0223,Wed,Thu 4,Ca3,13:00,15:40,B,2,B-0205,60,58,0.88,0.15,12:30,13:00,15:40,16:10
SCH00317,LHP0224,Wed,Thu 4,Ca4,15:50,18:30,C,3,C-0305,56,43,0.9,0.07,15:20,15:50,18:30,19:00
SCH00318,LHP0225,Fri,Thu 6,Ca2,09:35,12:15,A2,2,A2-0206,81,73,0.89,0.15,09:05,09:35,12:15,12:45
SCH00319,LHP0225,Wed,Thu 4,Ca3,13:00,15:40,D,4,D-0402,78,73,0.89,0.15,12:30,13:00,15:40,16:10
SCH00320,LHP0226,Thu,Thu 5,Ca3,13:00,15:40,B,2,B-0207,59,44,0.83,0.17,12:30,13:00,15:40,16:10
SCH00321,LHP0227,Wed,Thu 4,Ca1,06:45,09:25,A2,4,A2-0407,104,43,0.9,0.2,06:15,06:45,09:25,09:55
SCH00322,LHP0228,Fri,Thu 6,Ca3,13:00,15:40,A2,5,A2-0504,94,30,0.85,0.14,12:30,13:00,15:40,16:10
SCH00323,LHP0229,Wed,Thu 4,Ca4,15:50,18:30,A2,6,A2-0612,109,75,0.8,0.16,15:20,15:50,18:30,19:00
SCH00324,LHP0229,Fri,Thu 6,Ca3,13:00,15:40,A2,2,A2-0204,112,75,0.8,0.16,12:30,13:00,15:40,16:10
SCH00325,LHP0230,Wed,Thu 4,Ca1,06:45,09:25,B,1,B-0104,54,34,0.83,0.2,06:15,06:45,09:25,09:55
SCH00326,LHP0231,Mon,Thu 2,Ca3,13:00,15:40,A2,3,A2-0314,102,34,0.92,0.17,12:30,13:00,15:40,16:10
SCH00327,LHP0232,Wed,Thu 4,Ca1,06:45,09:25,C,1,C-0104,51,48,0.77,0.05,06:15,06:45,09:25,09:55
SCH00328,LHP0233,Sat,Thu 7,Ca3,13:00,15:40,A2,2,A2-0211,94,59,0.92,0.23,12:30,13:00,15:40,16:10
SCH00329,LHP0234,Sat,Thu 7,Ca3,13:00,15:40,A2,4,A2-0404,109,45,0.84,0.13,12:30,13:00,15:40,16:10
SCH00330,LHP0235,Fri,Thu 6,Ca2,09:35,12:15,A2,8,A2-0809,115,77,0.82,0.12,09:05,09:35,12:15,12:45
SCH00331,LHP0236,Mon,Thu 2,Ca4,15:50,18:30,A2,9,A2-0903,94,70,0.77,0.15,15:20,15:50,18:30,19:00
SCH00332,LHP0236,Thu,Thu 5,Ca3,13:00,15:40,A2,6,A2-0603,93,70,0.77,0.15,12:30,13:00,15:40,16:10
SCH00333,LHP0237,Wed,Thu 4,Ca2,09:35,12:15,C,2,C-0206,57,52,0.9,0.21,09:05,09:35,12:15,12:45
SCH00334,LHP0237,Fri,Thu 6,Ca1,06:45,09:25,A2,10,A2-1003,104,52,0.9,0.21,06:15,06:45,09:25,09:55
SCH00335,LHP0238,Thu,Thu 5,Ca3,13:00,15:40,C,2,C-0207,44,36,0.78,0.09,12:30,13:00,15:40,16:10
SCH00336,LHP0238,Fri,Thu 6,Ca1,06:45,09:25,A2,3,A2-0304,101,36,0.78,0.09,06:15,06:45,09:25,09:55
SCH00337,LHP0239,Sat,Thu 7,Ca3,13:00,15:40,D,1,D-0104,83,41,0.94,0.18,12:30,13:00,15:40,16:10
SCH00338,LHP0240,Tue,Thu 3,Ca2,09:35,12:15,A2,7,A2-0712,93,78,0.87,0.19,09:05,09:35,12:15,12:45
SCH00339,LHP0240,Wed,Thu 4,Ca3,13:00,15:40,A2,8,A2-0813,107,78,0.87,0.19,12:30,13:00,15:40,16:10
SCH00340,LHP0241,Thu,Thu 5,Ca1,06:45,09:25,A2,1,A2-0102,87,50,0.92,0.18,06:15,06:45,09:25,09:55
SCH00341,LHP0242,Wed,Thu 4,Ca3,13:00,15:40,A2,3,A2-0301,80,60,0.84,0.11,12:30,13:00,15:40,16:10
SCH00342,LHP0243,Wed,Thu 4,Ca3,13:00,15:40,A2,9,A2-0914,118,52,0.85,0.11,12:30,13:00,15:40,16:10
SCH00343,LHP0244,Sat,Thu 7,Ca4,15:50,18:30,A2,1,A2-0101,120,53,0.92,0.07,15:20,15:50,18:30,19:00
SCH00344,LHP0244,Wed,Thu 4,Ca2,09:35,12:15,D,5,D-0507,62,53,0.92,0.07,09:05,09:35,12:15,12:45
SCH00345,LHP0245,Wed,Thu 4,Ca3,13:00,15:40,A2,6,A2-0611,90,69,0.87,0.13,12:30,13:00,15:40,16:10
SCH00346,LHP0246,Wed,Thu 4,Ca2,09:35,12:15,A2,3,A2-0310,85,58,0.93,0.16,09:05,09:35,12:15,12:45
SCH00347,LHP0247,Wed,Thu 4,Ca4,15:50,18:30,D,2,D-0207,76,60,0.85,0.24,15:20,15:50,18:30,19:00
SCH00348,LHP0248,Wed,Thu 4,Ca1,06:45,09:25,A2,9,A2-0911,120,75,0.77,0.18,06:15,06:45,09:25,09:55
SCH00349,LHP0249,Sat,Thu 7,Ca1,06:45,09:25,A2,4,A2-0412,119,58,0.85,0.17,06:15,06:45,09:25,09:55
SCH00350,LHP0250,Fri,Thu 6,Ca3,13:00,15:40,B,2,B-0203,60,54,0.83,0.12,12:30,13:00,15:40,16:10
SCH00351,LHP0251,Fri,Thu 6,Ca1,06:45,09:25,C,2,C-0204,55,34,0.82,0.16,06:15,06:45,09:25,09:55
SCH00352,LHP0252,Wed,Thu 4,Ca3,13:00,15:40,A2,10,A2-1002,104,76,0.92,0.24,12:30,13:00,15:40,16:10
SCH00353,LHP0252,Thu,Thu 5,Ca3,13:00,15:40,A2,10,A2-1011,114,76,0.92,0.24,12:30,13:00,15:40,16:10
SCH00354,LHP0253,Wed,Thu 4,Ca1,06:45,09:25,A2,7,A2-0712,93,51,0.77,0.18,06:15,06:45,09:25,09:55
SCH00355,LHP0253,Tue,Thu 3,Ca2,09:35,12:15,A2,6,A2-0602,102,51,0.77,0.18,09:05,09:35,12:15,12:45
SCH00356,LHP0254,Mon,Thu 2,Ca1,06:45,09:25,A2,6,A2-0608,90,71,0.89,0.13,06:15,06:45,09:25,09:55
SCH00357,LHP0255,Mon,Thu 2,Ca2,09:35,12:15,A2,9,A2-0910,89,49,0.86,0.18,09:05,09:35,12:15,12:45
SCH00358,LHP0256,Wed,Thu 4,Ca1,06:45,09:25,A2,4,A2-0405,114,72,0.89,0.24,06:15,06:45,09:25,09:55
SCH00359,LHP0256,Tue,Thu 3,Ca2,09:35,12:15,D,1,D-0107,82,72,0.89,0.24,09:05,09:35,12:15,12:45
SCH00360,LHP0257,Sat,Thu 7,Ca1,06:45,09:25,D,5,D-0503,88,35,0.88,0.13,06:15,06:45,09:25,09:55
SCH00361,LHP0258,Wed,Thu 4,Ca1,06:45,09:25,B,2,B-0201,56,49,0.79,0.09,06:15,06:45,09:25,09:55
SCH00362,LHP0258,Fri,Thu 6,Ca2,09:35,12:15,A2,8,A2-0811,96,49,0.79,0.09,09:05,09:35,12:15,12:45
SCH00363,LHP0259,Fri,Thu 6,Ca3,13:00,15:40,D,2,D-0206,88,42,0.8,0.08,12:30,13:00,15:40,16:10
SCH00364,LHP0260,Thu,Thu 5,Ca3,13:00,15:40,A2,9,A2-0905,112,62,0.9,0.22,12:30,13:00,15:40,16:10
SCH00365,LHP0260,Tue,Thu 3,Ca1,06:45,09:25,A2,8,A2-0802,111,62,0.9,0.22,06:15,06:45,09:25,09:55
SCH00366,LHP0261,Mon,Thu 2,Ca4,15:50,18:30,A2,8,A2-0814,117,72,0.82,0.2,15:20,15:50,18:30,19:00
SCH00367,LHP0262,Thu,Thu 5,Ca3,13:00,15:40,A2,7,A2-0707,82,39,0.78,0.22,12:30,13:00,15:40,16:10
SCH00368,LHP0262,Mon,Thu 2,Ca3,13:00,15:40,A2,7,A2-0704,100,39,0.78,0.22,12:30,13:00,15:40,16:10
SCH00369,LHP0263,Fri,Thu 6,Ca4,15:50,18:30,A2,8,A2-0809,115,76,0.84,0.13,15:20,15:50,18:30,19:00
SCH00370,LHP0263,Sat,Thu 7,Ca2,09:35,12:15,D,1,D-0107,82,76,0.84,0.13,09:05,09:35,12:15,12:45
SCH00371,LHP0264,Mon,Thu 2,Ca4,15:50,18:30,D,5,D-0508,76,58,0.87,0.2,15:20,15:50,18:30,19:00
SCH00372,LHP0264,Wed,Thu 4,Ca1,06:45,09:25,A2,6,A2-0613,104,58,0.87,0.2,06:15,06:45,09:25,09:55
SCH00373,LHP0265,Mon,Thu 2,Ca1,06:45,09:25,A2,3,A2-0303,107,64,0.8,0.24,06:15,06:45,09:25,09:55
SCH00374,LHP0265,Fri,Thu 6,Ca1,06:45,09:25,A2,7,A2-0709,105,64,0.8,0.24,06:15,06:45,09:25,09:55
SCH00375,LHP0266,Fri,Thu 6,Ca1,06:45,09:25,A2,10,A2-1010,87,53,0.89,0.16,06:15,06:45,09:25,09:55
SCH00376,LHP0267,Wed,Thu 4,Ca2,09:35,12:15,A2,9,A2-0904,88,79,0.83,0.16,09:05,09:35,12:15,12:45
SCH00377,LHP0267,Thu,Thu 5,Ca2,09:35,12:15,A2,5,A2-0506,85,79,0.83,0.16,09:05,09:35,12:15,12:45
SCH00378,LHP0268,Wed,Thu 4,Ca3,13:00,15:40,A2,8,A2-0803,105,68,0.78,0.1,12:30,13:00,15:40,16:10
SCH00379,LHP0268,Fri,Thu 6,Ca4,15:50,18:30,D,1,D-0104,83,68,0.78,0.1,15:20,15:50,18:30,19:00
SCH00380,LHP0269,Mon,Thu 2,Ca3,13:00,15:40,D,2,D-0202,81,65,0.94,0.19,12:30,13:00,15:40,16:10
SCH00381,LHP0270,Wed,Thu 4,Ca1,06:45,09:25,B,1,B-0106,48,48,0.77,0.08,06:15,06:45,09:25,09:55
SCH00382,LHP0271,Mon,Thu 2,Ca2,09:35,12:15,D,1,D-0103,84,39,0.92,0.07,09:05,09:35,12:15,12:45
SCH00383,LHP0271,Sat,Thu 7,Ca1,06:45,09:25,C,3,C-0308,46,39,0.92,0.07,06:15,06:45,09:25,09:55
SCH00384,LHP0272,Mon,Thu 2,Ca4,15:50,18:30,A2,7,A2-0706,94,52,0.94,0.13,15:20,15:50,18:30,19:00
SCH00385,LHP0273,Tue,Thu 3,Ca3,13:00,15:40,A2,2,A2-0210,106,45,0.83,0.07,12:30,13:00,15:40,16:10
SCH00386,LHP0274,Tue,Thu 3,Ca4,15:50,18:30,C,1,C-0106,47,36,0.92,0.18,15:20,15:50,18:30,19:00
SCH00387,LHP0274,Mon,Thu 2,Ca2,09:35,12:15,A2,7,A2-0703,94,36,0.92,0.18,09:05,09:35,12:15,12:45
SCH00388,LHP0275,Sat,Thu 7,Ca1,06:45,09:25,B,2,B-0206,56,32,0.81,0.22,06:15,06:45,09:25,09:55
SCH00389,LHP0275,Mon,Thu 2,Ca3,13:00,15:40,A2,1,A2-0102,87,32,0.81,0.22,12:30,13:00,15:40,16:10
SCH00390,LHP0276,Sat,Thu 7,Ca2,09:35,12:15,A2,9,A2-0901,105,78,0.89,0.14,09:05,09:35,12:15,12:45
SCH00391,LHP0277,Wed,Thu 4,Ca1,06:45,09:25,B,3,B-0307,59,31,0.8,0.22,06:15,06:45,09:25,09:55
SCH00392,LHP0278,Mon,Thu 2,Ca4,15:50,18:30,A2,9,A2-0911,120,63,0.83,0.21,15:20,15:50,18:30,19:00
SCH00393,LHP0279,Mon,Thu 2,Ca3,13:00,15:40,D,2,D-0204,71,33,0.8,0.18,12:30,13:00,15:40,16:10
SCH00394,LHP0279,Wed,Thu 4,Ca3,13:00,15:40,C,2,C-0208,44,33,0.8,0.18,12:30,13:00,15:40,16:10
SCH00395,LHP0280,Sat,Thu 7,Ca3,13:00,15:40,C,3,C-0302,57,37,0.92,0.15,12:30,13:00,15:40,16:10
SCH00396,LHP0281,Mon,Thu 2,Ca3,13:00,15:40,A2,3,A2-0312,86,66,0.8,0.08,12:30,13:00,15:40,16:10
SCH00397,LHP0282,Fri,Thu 6,Ca3,13:00,15:40,C,2,C-0204,55,52,0.8,0.13,12:30,13:00,15:40,16:10
SCH00398,LHP0282,Mon,Thu 2,Ca2,09:35,12:15,A2,1,A2-0105,95,52,0.8,0.13,09:05,09:35,12:15,12:45
SCH00399,LHP0283,Wed,Thu 4,Ca3,13:00,15:40,A2,2,A2-0207,115,63,0.94,0.06,12:30,13:00,15:40,16:10
SCH00400,LHP0284,Tue,Thu 3,Ca3,13:00,15:40,D,4,D-0406,82,80,0.95,0.16,12:30,13:00,15:40,16:10
SCH00401,LHP0285,Wed,Thu 4,Ca2,09:35,12:15,C,1,C-0103,43,32,0.88,0.25,09:05,09:35,12:15,12:45
SCH00402,LHP0286,Sat,Thu 7,Ca1,06:45,09:25,A2,4,A2-0406,87,52,0.91,0.12,06:15,06:45,09:25,09:55
SCH00403,LHP0286,Wed,Thu 4,Ca2,09:35,12:15,B,1,B-0104,54,52,0.91,0.12,09:05,09:35,12:15,12:45
SCH00404,LHP0287,Tue,Thu 3,Ca1,06:45,09:25,D,4,D-0406,82,79,0.87,0.2,06:15,06:45,09:25,09:55
SCH00405,LHP0288,Wed,Thu 4,Ca3,13:00,15:40,A2,5,A2-0508,86,64,0.82,0.18,12:30,13:00,15:40,16:10
SCH00406,LHP0288,Fri,Thu 6,Ca1,06:45,09:25,A2,6,A2-0613,104,64,0.82,0.18,06:15,06:45,09:25,09:55
SCH00407,LHP0289,Wed,Thu 4,Ca1,06:45,09:25,A2,3,A2-0307,93,74,0.85,0.09,06:15,06:45,09:25,09:55
SCH00408,LHP0290,Wed,Thu 4,Ca2,09:35,12:15,D,5,D-0505,87,32,0.81,0.06,09:05,09:35,12:15,12:45
SCH00409,LHP0291,Mon,Thu 2,Ca1,06:45,09:25,A2,3,A2-0309,86,50,0.94,0.15,06:15,06:45,09:25,09:55
SCH00410,LHP0291,Wed,Thu 4,Ca4,15:50,18:30,A2,4,A2-0408,85,50,0.94,0.15,15:20,15:50,18:30,19:00
SCH00411,LHP0292,Wed,Thu 4,Ca2,09:35,12:15,A2,7,A2-0709,105,60,0.8,0.2,09:05,09:35,12:15,12:45
SCH00412,LHP0293,Wed,Thu 4,Ca1,06:45,09:25,A2,9,A2-0904,88,79,0.76,0.18,06:15,06:45,09:25,09:55
SCH00413,LHP0294,Thu,Thu 5,Ca3,13:00,15:40,A2,9,A2-0906,111,57,0.93,0.2,12:30,13:00,15:40,16:10
SCH00414,LHP0294,Tue,Thu 3,Ca2,09:35,12:15,A2,4,A2-0410,98,57,0.93,0.2,09:05,09:35,12:15,12:45
SCH00415,LHP0295,Mon,Thu 2,Ca1,06:45,09:25,A2,2,A2-0206,81,51,0.94,0.15,06:15,06:45,09:25,09:55
SCH00416,LHP0296,Thu,Thu 5,Ca4,15:50,18:30,D,1,D-0106,66,47,0.91,0.2,15:20,15:50,18:30,19:00
SCH00417,LHP0297,Mon,Thu 2,Ca1,06:45,09:25,A2,1,A2-0107,88,41,0.86,0.11,06:15,06:45,09:25,09:55
SCH00418,LHP0298,Thu,Thu 5,Ca2,09:35,12:15,C,3,C-0301,55,49,0.84,0.19,09:05,09:35,12:15,12:45
SCH00419,LHP0299,Sat,Thu 7,Ca2,09:35,12:15,B,1,B-0107,56,52,0.84,0.2,09:05,09:35,12:15,12:45
SCH00420,LHP0299,Mon,Thu 2,Ca4,15:50,18:30,A2,6,A2-0609,114,52,0.84,0.2,15:20,15:50,18:30,19:00
SCH00421,LHP0300,Fri,Thu 6,Ca1,06:45,09:25,C,3,C-0302,57,57,0.8,0.25,06:15,06:45,09:25,09:55
SCH00422,LHP0300,Thu,Thu 5,Ca2,09:35,12:15,C,3,C-0302,57,57,0.8,0.25,09:05,09:35,12:15,12:45
SCH00423,LHP0301,Wed,Thu 4,Ca4,15:50,18:30,A2,3,A2-0301,80,72,0.88,0.12,15:20,15:50,18:30,19:00
SCH00424,LHP0301,Mon,Thu 2,Ca2,09:35,12:15,A2,2,A2-0212,108,72,0.88,0.12,09:05,09:35,12:15,12:45
SCH00425,LHP0302,Fri,Thu 6,Ca3,13:00,15:40,D,3,D-0305,70,31,0.78,0.17,12:30,13:00,15:40,16:10
SCH00426,LHP0302,Wed,Thu 4,Ca1,06:45,09:25,A2,8,A2-0809,115,31,0.78,0.17,06:15,06:45,09:25,09:55
SCH00427,LHP0303,Fri,Thu 6,Ca3,13:00,15:40,A2,5,A2-0512,120,38,0.76,0.21,12:30,13:00,15:40,16:10
SCH00428,LHP0304,Wed,Thu 4,Ca1,06:45,09:25,D,1,D-0106,66,66,0.76,0.08,06:15,06:45,09:25,09:55
SCH00429,LHP0305,Sat,Thu 7,Ca2,09:35,12:15,A2,10,A2-1003,104,53,0.84,0.07,09:05,09:35,12:15,12:45
SCH00430,LHP0306,Sat,Thu 7,Ca3,13:00,15:40,A2,8,A2-0808,95,55,0.81,0.11,12:30,13:00,15:40,16:10
SCH00431,LHP0306,Tue,Thu 3,Ca1,06:45,09:25,A2,5,A2-0507,94,55,0.81,0.11,06:15,06:45,09:25,09:55
SCH00432,LHP0307,Mon,Thu 2,Ca3,13:00,15:40,D,1,D-0105,82,77,0.79,0.15,12:30,13:00,15:40,16:10
SCH00433,LHP0307,Fri,Thu 6,Ca4,15:50,18:30,A2,4,A2-0414,116,77,0.79,0.15,15:20,15:50,18:30,19:00
SCH00434,LHP0308,Sat,Thu 7,Ca1,06:45,09:25,C,1,C-0101,55,46,0.9,0.19,06:15,06:45,09:25,09:55
SCH00435,LHP0309,Mon,Thu 2,Ca3,13:00,15:40,A2,1,A2-0105,95,48,0.89,0.25,12:30,13:00,15:40,16:10
SCH00436,LHP0310,Fri,Thu 6,Ca3,13:00,15:40,B,1,B-0108,45,34,0.84,0.23,12:30,13:00,15:40,16:10
SCH00437,LHP0311,Wed,Thu 4,Ca2,09:35,12:15,A2,3,A2-0314,102,73,0.94,0.25,09:05,09:35,12:15,12:45
SCH00438,LHP0311,Sat,Thu 7,Ca1,06:45,09:25,D,1,D-0107,82,73,0.94,0.25,06:15,06:45,09:25,09:55
SCH00439,LHP0312,Wed,Thu 4,Ca2,09:35,12:15,A2,9,A2-0906,111,65,0.86,0.23,09:05,09:35,12:15,12:45
SCH00440,LHP0312,Thu,Thu 5,Ca1,06:45,09:25,A2,9,A2-0907,85,65,0.86,0.23,06:15,06:45,09:25,09:55
SCH00441,LHP0313,Fri,Thu 6,Ca3,13:00,15:40,A2,7,A2-0705,83,80,0.82,0.09,12:30,13:00,15:40,16:10
SCH00442,LHP0313,Mon,Thu 2,Ca1,06:45,09:25,A2,2,A2-0209,114,80,0.82,0.09,06:15,06:45,09:25,09:55
SCH00443,LHP0314,Wed,Thu 4,Ca3,13:00,15:40,A2,4,A2-0401,118,45,0.91,0.06,12:30,13:00,15:40,16:10
SCH00444,LHP0315,Thu,Thu 5,Ca1,06:45,09:25,A2,2,A2-0203,94,59,0.91,0.16,06:15,06:45,09:25,09:55
SCH00445,LHP0315,Mon,Thu 2,Ca2,09:35,12:15,C,3,C-0306,59,59,0.91,0.16,09:05,09:35,12:15,12:45
SCH00446,LHP0316,Thu,Thu 5,Ca2,09:35,12:15,B,3,B-0303,45,34,0.81,0.25,09:05,09:35,12:15,12:45
SCH00447,LHP0316,Mon,Thu 2,Ca3,13:00,15:40,A2,1,A2-0103,81,34,0.81,0.25,12:30,13:00,15:40,16:10
SCH00448,LHP0317,Thu,Thu 5,Ca3,13:00,15:40,C,3,C-0306,59,56,0.9,0.21,12:30,13:00,15:40,16:10
SCH00449,LHP0318,Wed,Thu 4,Ca2,09:35,12:15,D,1,D-0104,83,71,0.76,0.14,09:05,09:35,12:15,12:45
SCH00450,LHP0319,Wed,Thu 4,Ca1,06:45,09:25,D,4,D-0406,82,79,0.86,0.17,06:15,06:45,09:25,09:55
SCH00451,LHP0319,Mon,Thu 2,Ca1,06:45,09:25,A2,7,A2-0707,82,79,0.86,0.17,06:15,06:45,09:25,09:55
SCH00452,LHP0320,Wed,Thu 4,Ca4,15:50,18:30,D,5,D-0507,62,57,0.85,0.22,15:20,15:50,18:30,19:00
SCH00453,LHP0320,Tue,Thu 3,Ca2,09:35,12:15,A2,10,A2-1006,113,57,0.85,0.22,09:05,09:35,12:15,12:45
SCH00454,LHP0321,Mon,Thu 2,Ca2,09:35,12:15,A2,3,A2-0303,107,39,0.81,0.08,09:05,09:35,12:15,12:45
SCH00455,LHP0321,Tue,Thu 3,Ca4,15:50,18:30,A2,10,A2-1011,114,39,0.81,0.08,15:20,15:50,18:30,19:00
SCH00456,LHP0322,Thu,Thu 5,Ca2,09:35,12:15,A2,4,A2-0404,109,52,0.94,0.15,09:05,09:35,12:15,12:45
SCH00457,LHP0323,Tue,Thu 3,Ca2,09:35,12:15,D,3,D-0307,78,46,0.79,0.24,09:05,09:35,12:15,12:45
SCH00458,LHP0324,Fri,Thu 6,Ca1,06:45,09:25,A2,5,A2-0507,94,69,0.86,0.15,06:15,06:45,09:25,09:55
SCH00459,LHP0325,Fri,Thu 6,Ca2,09:35,12:15,D,3,D-0305,70,39,0.78,0.17,09:05,09:35,12:15,12:45
SCH00460,LHP0325,Thu,Thu 5,Ca4,15:50,18:30,A2,1,A2-0107,88,39,0.78,0.17,15:20,15:50,18:30,19:00
SCH00461,LHP0326,Sat,Thu 7,Ca4,15:50,18:30,A2,5,A2-0514,90,66,0.76,0.22,15:20,15:50,18:30,19:00
SCH00462,LHP0327,Mon,Thu 2,Ca4,15:50,18:30,A2,10,A2-1004,118,46,0.88,0.2,15:20,15:50,18:30,19:00
SCH00463,LHP0328,Thu,Thu 5,Ca2,09:35,12:15,A2,2,A2-0209,114,61,0.93,0.16,09:05,09:35,12:15,12:45
SCH00464,LHP0328,Wed,Thu 4,Ca2,09:35,12:15,A2,1,A2-0114,81,61,0.93,0.16,09:05,09:35,12:15,12:45
SCH00465,LHP0329,Mon,Thu 2,Ca3,13:00,15:40,A2,4,A2-0412,119,60,0.8,0.21,12:30,13:00,15:40,16:10
SCH00466,LHP0330,Fri,Thu 6,Ca1,06:45,09:25,C,2,C-0207,44,34,0.89,0.08,06:15,06:45,09:25,09:55
SCH00467,LHP0331,Wed,Thu 4,Ca4,15:50,18:30,A2,8,A2-0814,117,43,0.82,0.08,15:20,15:50,18:30,19:00
SCH00468,LHP0331,Mon,Thu 2,Ca3,13:00,15:40,C,3,C-0303,45,43,0.82,0.08,12:30,13:00,15:40,16:10
SCH00469,LHP0332,Wed,Thu 4,Ca1,06:45,09:25,D,2,D-0202,81,76,0.95,0.12,06:15,06:45,09:25,09:55
SCH00470,LHP0333,Thu,Thu 5,Ca1,06:45,09:25,A2,3,A2-0305,97,62,0.86,0.11,06:15,06:45,09:25,09:55
SCH00471,LHP0334,Sat,Thu 7,Ca3,13:00,15:40,A2,4,A2-0412,119,58,0.8,0.07,12:30,13:00,15:40,16:10
SCH00472,LHP0335,Thu,Thu 5,Ca2,09:35,12:15,A2,3,A2-0313,102,69,0.83,0.24,09:05,09:35,12:15,12:45
SCH00473,LHP0335,Wed,Thu 4,Ca1,06:45,09:25,D,1,D-0108,69,69,0.83,0.24,06:15,06:45,09:25,09:55
SCH00474,LHP0336,Fri,Thu 6,Ca3,13:00,15:40,A2,4,A2-0410,98,66,0.89,0.09,12:30,13:00,15:40,16:10
SCH00475,LHP0337,Wed,Thu 4,Ca4,15:50,18:30,A2,5,A2-0501,92,59,0.85,0.11,15:20,15:50,18:30,19:00
SCH00476,LHP0338,Thu,Thu 5,Ca1,06:45,09:25,D,1,D-0103,84,62,0.84,0.1,06:15,06:45,09:25,09:55
SCH00477,LHP0339,Tue,Thu 3,Ca3,13:00,15:40,A2,6,A2-0614,97,33,0.81,0.17,12:30,13:00,15:40,16:10
SCH00478,LHP0339,Sat,Thu 7,Ca1,06:45,09:25,A2,4,A2-0403,82,33,0.81,0.17,06:15,06:45,09:25,09:55
SCH00479,LHP0340,Fri,Thu 6,Ca2,09:35,12:15,C,3,C-0306,59,48,0.86,0.22,09:05,09:35,12:15,12:45
SCH00480,LHP0341,Mon,Thu 2,Ca1,06:45,09:25,A2,5,A2-0504,94,76,0.82,0.13,06:15,06:45,09:25,09:55
SCH00481,LHP0342,Fri,Thu 6,Ca2,09:35,12:15,A2,9,A2-0909,87,66,0.86,0.12,09:05,09:35,12:15,12:45
SCH00482,LHP0343,Sat,Thu 7,Ca2,09:35,12:15,A2,1,A2-0113,82,62,0.84,0.16,09:05,09:35,12:15,12:45
SCH00483,LHP0343,Mon,Thu 2,Ca2,09:35,12:15,A2,5,A2-0512,120,62,0.84,0.16,09:05,09:35,12:15,12:45
SCH00484,LHP0344,Thu,Thu 5,Ca4,15:50,18:30,A2,7,A2-0712,93,73,0.87,0.08,15:20,15:50,18:30,19:00
SCH00485,LHP0345,Fri,Thu 6,Ca1,06:45,09:25,A2,4,A2-0408,85,80,0.95,0.16,06:15,06:45,09:25,09:55
SCH00486,LHP0346,Mon,Thu 2,Ca3,13:00,15:40,A2,8,A2-0811,96,42,0.87,0.13,12:30,13:00,15:40,16:10
SCH00487,LHP0347,Sat,Thu 7,Ca3,13:00,15:40,D,5,D-0507,62,38,0.89,0.21,12:30,13:00,15:40,16:10
SCH00488,LHP0348,Thu,Thu 5,Ca1,06:45,09:25,A2,9,A2-0913,107,68,0.93,0.08,06:15,06:45,09:25,09:55
SCH00489,LHP0348,Wed,Thu 4,Ca4,15:50,18:30,D,2,D-0202,81,68,0.93,0.08,15:20,15:50,18:30,19:00
SCH00490,LHP0349,Mon,Thu 2,Ca1,06:45,09:25,A2,10,A2-1008,115,40,0.83,0.17,06:15,06:45,09:25,09:55
SCH00491,LHP0349,Tue,Thu 3,Ca3,13:00,15:40,D,1,D-0107,82,40,0.83,0.17,12:30,13:00,15:40,16:10
SCH00492,LHP0350,Mon,Thu 2,Ca2,09:35,12:15,A2,2,A2-0203,94,51,0.85,0.15,09:05,09:35,12:15,12:45
SCH00493,LHP0351,Wed,Thu 4,Ca3,13:00,15:40,A2,3,A2-0304,101,49,0.84,0.05,12:30,13:00,15:40,16:10
SCH00494,LHP0352,Wed,Thu 4,Ca2,09:35,12:15,A2,9,A2-0907,85,56,0.87,0.21,09:05,09:35,12:15,12:45
SCH00495,LHP0352,Mon,Thu 2,Ca1,06:45,09:25,A2,3,A2-0301,80,56,0.87,0.21,06:15,06:45,09:25,09:55
SCH00496,LHP0353,Wed,Thu 4,Ca1,06:45,09:25,A2,8,A2-0804,109,68,0.84,0.24,06:15,06:45,09:25,09:55
SCH00497,LHP0353,Fri,Thu 6,Ca3,13:00,15:40,A2,9,A2-0909,87,68,0.84,0.24,12:30,13:00,15:40,16:10
SCH00498,LHP0354,Sat,Thu 7,Ca1,06:45,09:25,A2,4,A2-0405,114,66,0.8,0.06,06:15,06:45,09:25,09:55
SCH00499,LHP0355,Fri,Thu 6,Ca3,13:00,15:40,D,1,D-0103,84,70,0.89,0.2,12:30,13:00,15:40,16:10
SCH00500,LHP0356,Tue,Thu 3,Ca2,09:35,12:15,C,2,C-0203,42,32,0.86,0.19,09:05,09:35,12:15,12:45
SCH00501,LHP0357,Sat,Thu 7,Ca1,06:45,09:25,B,1,B-0102,53,50,0.83,0.13,06:15,06:45,09:25,09:55
SCH00502,LHP0358,Fri,Thu 6,Ca3,13:00,15:40,A2,9,A2-0908,83,79,0.87,0.14,12:30,13:00,15:40,16:10
SCH00503,LHP0358,Wed,Thu 4,Ca1,06:45,09:25,A2,9,A2-0901,105,79,0.87,0.14,06:15,06:45,09:25,09:55
SCH00504,LHP0359,Tue,Thu 3,Ca1,06:45,09:25,A2,9,A2-0910,89,75,0.78,0.09,06:15,06:45,09:25,09:55
SCH00505,LHP0360,Tue,Thu 3,Ca3,13:00,15:40,D,5,D-0505,87,63,0.83,0.24,12:30,13:00,15:40,16:10
SCH00506,LHP0361,Thu,Thu 5,Ca2,09:35,12:15,B,3,B-0307,59,51,0.86,0.19,09:05,09:35,12:15,12:45
SCH00507,LHP0361,Mon,Thu 2,Ca1,06:45,09:25,A2,6,A2-0603,93,51,0.86,0.19,06:15,06:45,09:25,09:55
SCH00508,LHP0362,Wed,Thu 4,Ca3,13:00,15:40,A2,1,A2-0106,94,69,0.85,0.24,12:30,13:00,15:40,16:10
SCH00509,LHP0363,Fri,Thu 6,Ca3,13:00,15:40,D,2,D-0205,74,44,0.94,0.25,12:30,13:00,15:40,16:10
SCH00510,LHP0363,Mon,Thu 2,Ca2,09:35,12:15,D,5,D-0501,67,44,0.94,0.25,09:05,09:35,12:15,12:45
SCH00511,LHP0364,Wed,Thu 4,Ca3,13:00,15:40,A2,10,A2-1009,80,74,0.89,0.11,12:30,13:00,15:40,16:10
SCH00512,LHP0365,Tue,Thu 3,Ca3,13:00,15:40,A2,7,A2-0710,97,48,0.77,0.19,12:30,13:00,15:40,16:10
SCH00513,LHP0366,Tue,Thu 3,Ca2,09:35,12:15,C,3,C-0301,55,52,0.94,0.21,09:05,09:35,12:15,12:45
SCH00514,LHP0367,Sat,Thu 7,Ca2,09:35,12:15,D,2,D-0207,76,75,0.77,0.23,09:05,09:35,12:15,12:45
SCH00515,LHP0367,Fri,Thu 6,Ca3,13:00,15:40,D,1,D-0101,89,75,0.77,0.23,12:30,13:00,15:40,16:10
SCH00516,LHP0368,Wed,Thu 4,Ca1,06:45,09:25,C,3,C-0304,48,43,0.79,0.16,06:15,06:45,09:25,09:55
SCH00517,LHP0368,Tue,Thu 3,Ca3,13:00,15:40,D,1,D-0102,77,43,0.79,0.16,12:30,13:00,15:40,16:10
SCH00518,LHP0369,Mon,Thu 2,Ca3,13:00,15:40,B,3,B-0306,40,38,0.77,0.2,12:30,13:00,15:40,16:10
SCH00519,LHP0370,Thu,Thu 5,Ca1,06:45,09:25,A2,4,A2-0403,82,72,0.93,0.1,06:15,06:45,09:25,09:55
SCH00520,LHP0371,Tue,Thu 3,Ca3,13:00,15:40,D,1,D-0103,84,56,0.82,0.14,12:30,13:00,15:40,16:10
SCH00521,LHP0371,Sat,Thu 7,Ca2,09:35,12:15,A2,1,A2-0102,87,56,0.82,0.14,09:05,09:35,12:15,12:45
SCH00522,LHP0372,Sat,Thu 7,Ca2,09:35,12:15,D,5,D-0506,70,30,0.94,0.25,09:05,09:35,12:15,12:45
SCH00523,LHP0373,Thu,Thu 5,Ca3,13:00,15:40,A2,4,A2-0409,115,60,0.88,0.2,12:30,13:00,15:40,16:10
SCH00524,LHP0374,Fri,Thu 6,Ca3,13:00,15:40,A2,5,A2-0511,109,71,0.76,0.2,12:30,13:00,15:40,16:10
SCH00525,LHP0374,Sat,Thu 7,Ca1,06:45,09:25,D,3,D-0307,78,71,0.76,0.2,06:15,06:45,09:25,09:55
SCH00526,LHP0375,Tue,Thu 3,Ca2,09:35,12:15,A2,8,A2-0813,107,64,0.9,0.22,09:05,09:35,12:15,12:45
SCH00527,LHP0376,Mon,Thu 2,Ca3,13:00,15:40,C,3,C-0302,57,56,0.93,0.09,12:30,13:00,15:40,16:10
SCH00528,LHP0376,Fri,Thu 6,Ca1,06:45,09:25,A2,6,A2-0610,95,56,0.93,0.09,06:15,06:45,09:25,09:55
SCH00529,LHP0377,Tue,Thu 3,Ca3,13:00,15:40,A2,5,A2-0509,104,80,0.85,0.24,12:30,13:00,15:40,16:10
SCH00530,LHP0377,Fri,Thu 6,Ca4,15:50,18:30,A2,1,A2-0106,94,80,0.85,0.24,15:20,15:50,18:30,19:00
SCH00531,LHP0378,Fri,Thu 6,Ca1,06:45,09:25,A2,7,A2-0706,94,32,0.75,0.16,06:15,06:45,09:25,09:55
SCH00532,LHP0379,Tue,Thu 3,Ca3,13:00,15:40,B,1,B-0107,56,48,0.84,0.18,12:30,13:00,15:40,16:10
SCH00533,LHP0380,Fri,Thu 6,Ca3,13:00,15:40,A2,5,A2-0501,92,62,0.84,0.09,12:30,13:00,15:40,16:10
SCH00534,LHP0381,Fri,Thu 6,Ca3,13:00,15:40,A2,6,A2-0601,103,76,0.84,0.1,12:30,13:00,15:40,16:10
SCH00535,LHP0382,Wed,Thu 4,Ca4,15:50,18:30,A2,10,A2-1003,104,80,0.81,0.18,15:20,15:50,18:30,19:00
SCH00536,LHP0383,Thu,Thu 5,Ca2,09:35,12:15,D,2,D-0208,74,70,0.93,0.22,09:05,09:35,12:15,12:45
SCH00537,LHP0384,Mon,Thu 2,Ca2,09:35,12:15,A2,9,A2-0901,105,55,0.88,0.09,09:05,09:35,12:15,12:45
SCH00538,LHP0385,Thu,Thu 5,Ca3,13:00,15:40,A2,7,A2-0714,100,45,0.75,0.13,12:30,13:00,15:40,16:10
SCH00539,LHP0386,Wed,Thu 4,Ca2,09:35,12:15,A2,10,A2-1001,84,51,0.81,0.19,09:05,09:35,12:15,12:45
SCH00540,LHP0387,Wed,Thu 4,Ca3,13:00,15:40,D,1,D-0103,84,74,0.8,0.18,12:30,13:00,15:40,16:10
SCH00541,LHP0388,Wed,Thu 4,Ca4,15:50,18:30,D,1,D-0105,82,55,0.89,0.23,15:20,15:50,18:30,19:00
SCH00542,LHP0388,Fri,Thu 6,Ca1,06:45,09:25,B,2,B-0201,56,55,0.89,0.23,06:15,06:45,09:25,09:55
SCH00543,LHP0389,Wed,Thu 4,Ca1,06:45,09:25,D,1,D-0101,89,74,0.77,0.23,06:15,06:45,09:25,09:55
SCH00544,LHP0390,Mon,Thu 2,Ca3,13:00,15:40,A2,1,A2-0113,82,44,0.79,0.08,12:30,13:00,15:40,16:10
SCH00545,LHP0391,Mon,Thu 2,Ca4,15:50,18:30,C,3,C-0307,53,53,0.83,0.16,15:20,15:50,18:30,19:00
SCH00546,LHP0392,Fri,Thu 6,Ca1,06:45,09:25,A2,5,A2-0505,98,72,0.92,0.2,06:15,06:45,09:25,09:55
SCH00547,LHP0392,Mon,Thu 2,Ca1,06:45,09:25,A2,1,A2-0113,82,72,0.92,0.2,06:15,06:45,09:25,09:55
SCH00548,LHP0393,Fri,Thu 6,Ca3,13:00,15:40,A2,2,A2-0213,117,80,0.77,0.14,12:30,13:00,15:40,16:10
SCH00549,LHP0393,Mon,Thu 2,Ca3,13:00,15:40,A2,8,A2-0814,117,80,0.77,0.14,12:30,13:00,15:40,16:10
SCH00550,LHP0394,Thu,Thu 5,Ca1,06:45,09:25,D,2,D-0204,71,66,0.77,0.22,06:15,06:45,09:25,09:55
SCH00551,LHP0394,Wed,Thu 4,Ca3,13:00,15:40,A2,8,A2-0806,96,66,0.77,0.22,12:30,13:00,15:40,16:10
SCH00552,LHP0395,Wed,Thu 4,Ca3,13:00,15:40,A2,9,A2-0901,105,66,0.86,0.08,12:30,13:00,15:40,16:10
SCH00553,LHP0395,Thu,Thu 5,Ca2,09:35,12:15,A2,1,A2-0102,87,66,0.86,0.08,09:05,09:35,12:15,12:45
SCH00554,LHP0396,Fri,Thu 6,Ca3,13:00,15:40,A2,6,A2-0610,95,37,0.89,0.19,12:30,13:00,15:40,16:10
SCH00555,LHP0397,Mon,Thu 2,Ca2,09:35,12:15,A2,4,A2-0411,120,58,0.91,0.14,09:05,09:35,12:15,12:45
SCH00556,LHP0398,Mon,Thu 2,Ca1,06:45,09:25,A2,4,A2-0401,118,66,0.76,0.14,06:15,06:45,09:25,09:55
SCH00557,LHP0398,Sat,Thu 7,Ca4,15:50,18:30,D,1,D-0108,69,66,0.76,0.14,15:20,15:50,18:30,19:00
SCH00558,LHP0399,Mon,Thu 2,Ca1,06:45,09:25,B,2,B-0207,59,55,0.8,0.05,06:15,06:45,09:25,09:55
SCH00559,LHP0400,Wed,Thu 4,Ca1,06:45,09:25,C,3,C-0302,57,32,0.83,0.19,06:15,06:45,09:25,09:55
