student_id,distance_group,uses_motorbike
SV00001,medium,1
SV00002,near,1
SV00003,near,1
SV00004,medium,1
SV00005,medium,1
SV00006,near,0
SV00007,medium,1
SV00008,medium,1
SV00009,near,0
SV00010,far,1
SV00011,medium,1
SV00012,far,1
SV00013,medium,0
SV00014,far,0
SV00015,far,1
SV00016,far,1
SV00017,near,0
SV00018,medium,1
SV00019,near,0
SV00020,near,0
SV00021,near,0
SV00022,near,0
SV00023,medium,1
SV00024,near,1
SV00025,near,0
SV00026,near,0
SV00027,medium,1
SV00028,far,1
SV00029,near,1
SV00030,near,0
SV00031,medium,0
SV00032,medium,1
SV00033,medium,1
SV00034,medium,1
SV00035,medium,1
SV00036,medium,1
SV00037,medium,0
SV00038,medium,1
SV00039,near,1
SV00040,medium,1
SV00041,medium,1
SV00042,far,0
SV00043,medium,1
SV00044,near,0
SV00045,medium,1
SV00046,near,1
SV00047,medium,1
SV00048,medium,1
SV00049,medium,1
SV00050,near,0
SV00051,far,1
SV00052,far,1
SV00053,medium,1
SV00054,medium,1
SV00055,far,1
SV00056,far,1
SV00057,far,1
SV00058,medium,1
SV00059,medium,1
SV00060,medium,1
SV00061,near,0
SV00062,far,1
SV00063,near,1
SV00064,far,1
SV00065,near,1
SV00066,medium,1
SV00067,far,1
SV00068,medium,1
SV00069,far,1
SV00070,medium,1
SV00071,near,0
SV00072,far,1
SV00073,medium,1
SV00074,near,0
SV00075,near,1
SV00076,far,1
SV00077,near,1
SV00078,far,1
SV00079,medium,1
SV00080,medium,1
SV00081,near,0
SV00082,far,1
SV00083,near,0
SV00084,near,0
SV00085,medium,1
SV00086,near,1
SV00087,near,0
SV00088,far,1
SV00089,medium,1
SV00090,near,1
SV00091,far,1
SV00092,near,1
SV00093,medium,1
SV00094,near,0
SV00095,medium,1
SV00096,medium,1
SV00097,medium,1
SV00098,medium,1
SV00099,medium,1
SV00100,far,1
SV00101,near,1
SV00102,medium,0
SV00103,near,0
SV00104,near,0
SV00105,far,1
SV00106,far,1
SV00107,far,1
SV00108,near,0
SV00109,medium,0
SV00110,far,1
SV00111,near,0
SV00112,near,1
SV00113,medium,1
SV00114,medium,1
SV00115,far,1
SV00116,far,1
SV00117,far,1
SV00118,medium,1
SV00119,near,0
SV00120,near,0
SV00121,far,1
SV00122,medium,1
SV00123,far,1
SV00124,near,0
SV00125,far,1
SV00126,far,1
SV00127,medium,1
SV00128,near,0
SV00129,medium,1
SV00130,medium,1
SV00131,near,1
SV00132,medium,1
SV00133,near,1
SV00134,medium,1
SV00135,far,1
SV00136,near,0
SV00137,near,0
SV00138,medium,1
SV00139,far,1
SV00140,medium,1
SV00141,near,0
SV00142,near,0
SV00143,far,1
SV00144,far,1
SV00145,near,1
SV00146,medium,1
SV00147,medium,0
SV00148,near,1
SV00149,medium,1
SV00150,near,1
SV00151,near,1
SV00152,medium,0
SV00153,near,0
SV00154,near,0
SV00155,medium,1
SV00156,medium,1
SV00157,medium,1
SV00158,medium,1
SV00159,medium,1
SV00160,medium,1
SV00161,medium,1
SV00162,medium,1
SV00163,near,1
SV00164,far,1
SV00165,far,1
SV00166,far,1
SV00167,medium,1
SV00168,near,0
SV00169,near,0
SV00170,medium,1
SV00171,near,0
SV00172,medium,1
SV00173,near,0
SV00174,medium,1
SV00175,medium,0
SV00176,far,1
SV00177,near,1
SV00178,near,0
SV00179,far,1
SV00180,near,0
SV00181,medium,1
SV00182,medium,1
SV00183,medium,1
SV00184,near,0
SV00185,far,1
SV00186,far,1
SV00187,medium,1
SV00188,medium,1
SV00189,near,0
SV00190,near,0
SV00191,near,1
SV00192,near,1
SV00193,near,0
SV00194,far,1
SV00195,far,1
SV00196,medium,1
SV00197,medium,1
SV00198,near,1
SV00199,far,1
SV00200,near,1
SV00201,far,0
SV00202,medium,0
SV00203,far,1
SV00204,near,0
SV00205,near,0
SV00206,near,1
SV00207,near,0
SV00208,far,0
SV00209,medium,1
SV00210,medium,1
SV00211,near,1
SV00212,near,0
SV00213,far,1
SV00214,near,1
SV00215,near,0
SV00216,near,1
SV00217,near,1
SV00218,near,0
SV00219,far,1
SV00220,medium,1
SV00221,near,0
SV00222,near,1
SV00223,medium,1
SV00224,medium,1
SV00225,near,1
SV00226,far,1
SV00227,medium,1
SV00228,far,1
SV00229,near,0
SV00230,far,1
SV00231,medium,1
SV00232,near,1
SV00233,far,1
SV00234,medium,1
SV00235,near,0
SV00236,near,1
SV00237,medium,1
SV00238,near,0
SV00239,far,1
SV00240,far,1
SV00241,far,1
SV00242,medium,1
SV00243,far,1
SV00244,medium,1
SV00245,medium,1
SV00246,far,1
SV00247,far,1
SV00248,near,0
SV00249,near,0
SV00250,medium,1
SV00251,near,1
SV00252,far,1
SV00253,near,0
SV00254,medium,1
SV00255,near,0
SV00256,near,0
SV00257,medium,1
SV00258,far,1
SV00259,medium,1
SV00260,near,1
SV00261,medium,1
SV00262,medium,0
SV00263,medium,1
SV00264,medium,1
SV00265,medium,1
SV00266,near,0
SV00267,far,1
SV00268,far,1
SV00269,near,1
SV00270,near,1
SV00271,far,1
SV00272,far,1
SV00273,medium,0
SV00274,near,1
SV00275,medium,1
SV00276,near,0
SV00277,medium,0
SV00278,medium,1
SV00279,medium,1
SV00280,near,1
SV00281,medium,1
SV00282,near,0
SV00283,far,1
SV00284,medium,1
SV00285,medium,1
SV00286,medium,1
SV00287,far,1
SV00288,medium,1
SV00289,medium,1
SV00290,medium,1
SV00291,far,1
SV00292,far,1
SV00293,near,1
SV00294,medium,1
SV00295,near,0
SV00296,medium,1
SV00297,near,0
SV00298,far,1
SV00299,near,0
SV00300,medium,1
SV00301,far,1
SV00302,medium,1
SV00303,medium,1
SV00304,far,1
SV00305,medium,1
SV00306,medium,1
SV00307,far,1
SV00308,medium,1
SV00309,near,1
SV00310,medium,1
SV00311,far,1
SV00312,near,1
SV00313,near,1
SV00314,medium,1
SV00315,medium,1
SV00316,near,1
SV00317,near,1
SV00318,near,0
SV00319,near,0
SV00320,near,0
SV00321,near,0
SV00322,medium,1
SV00323,near,1
SV00324,medium,1
SV00325,near,1
SV00326,near,0
SV00327,medium,1
SV00328,medium,1
SV00329,near,1
SV00330,far,1
SV00331,near,1
SV00332,far,1
SV00333,medium,1
SV00334,near,0
SV00335,medium,0
SV00336,near,1
SV00337,near,1
SV00338,near,0
SV00339,near,0
SV00340,far,1
SV00341,far,1
SV00342,near,0
SV00343,medium,1
SV00344,medium,1
SV00345,medium,1
SV00346,medium,1
SV00347,medium,1
SV00348,medium,1
SV00349,near,1
SV00350,near,0
SV00351,far,1
SV00352,far,1
SV00353,medium,0
SV00354,far,1
SV00355,near,1
SV00356,far,1
SV00357,far,1
SV00358,medium,1
SV00359,medium,1
SV00360,medium,1
SV00361,far,1
SV00362,near,1
SV00363,medium,0
SV00364,medium,1
SV00365,medium,0
SV00366,medium,1
SV00367,medium,1
SV00368,near,1
SV00369,far,1
SV00370,medium,1
SV00371,near,0
SV00372,medium,1
SV00373,medium,1
SV00374,medium,0
SV00375,near,0
SV00376,near,1
SV00377,medium,1
SV00378,far,1
SV00379,far,1
SV00380,near,0
SV00381,near,0
SV00382,near,0
SV00383,near,0
SV00384,near,0
SV00385,medium,1
SV00386,near,0
SV00387,far,1
SV00388,medium,1
SV00389,medium,1
SV00390,medium,1
SV00391,far,1
SV00392,near,1
SV00393,medium,1
SV00394,medium,0
SV00395,near,1
SV00396,medium,1
SV00397,far,1
SV00398,medium,0
SV00399,near,0
SV00400,near,0
SV00401,near,1
SV00402,far,1
SV00403,near,1
SV00404,far,1
SV00405,medium,1
SV00406,far,1
SV00407,medium,0
SV00408,far,1
SV00409,near,0
SV00410,far,1
SV00411,medium,0
SV00412,medium,1
SV00413,near,0
SV00414,medium,1
SV00415,near,1
SV00416,near,0
SV00417,near,1
SV00418,medium,1
SV00419,near,1
SV00420,far,1
SV00421,near,0
SV00422,medium,1
SV00423,far,1
SV00424,far,1
SV00425,near,1
SV00426,medium,1
SV00427,medium,1
SV00428,medium,1
SV00429,near,0
SV00430,medium,1
SV00431,medium,1
SV00432,far,1
SV00433,medium,1
SV00434,far,1
SV00435,medium,1
SV00436,medium,1
SV00437,medium,0
SV00438,near,1
SV00439,medium,1
SV00440,medium,1
SV00441,medium,1
SV00442,far,1
SV00443,near,1
SV00444,near,0
SV00445,far,1
SV00446,medium,1
SV00447,far,1
SV00448,medium,1
SV00449,far,1
SV00450,medium,1
SV00451,near,1
SV00452,medium,1
SV00453,near,0
SV00454,medium,1
SV00455,near,1
SV00456,far,1
SV00457,near,1
SV00458,far,1
SV00459,near,0
SV00460,far,1
SV00461,far,1
SV00462,medium,1
SV00463,medium,1
SV00464,medium,1
SV00465,far,1
SV00466,far,1
SV00467,near,1
SV00468,near,0
SV00469,near,0
SV00470,medium,1
SV00471,far,1
SV00472,near,0
SV00473,near,1
SV00474,medium,1
SV00475,far,1
SV00476,near,1
SV00477,medium,1
SV00478,near,0
SV00479,near,1
SV00480,near,1
SV00481,far,1
SV00482,medium,1
SV00483,medium,1
SV00484,medium,1
SV00485,medium,1
SV00486,near,1
SV00487,medium,1
SV00488,near,1
SV00489,medium,1
SV00490,near,1
SV00491,far,1
SV00492,medium,1
SV00493,near,1
SV00494,near,1
SV00495,far,1
SV00496,near,1
SV00497,near,0
SV00498,near,0
SV00499,medium,1
SV00500,far,1
SV00501,medium,1
SV00502,medium,1
SV00503,medium,0
SV00504,far,1
SV00505,medium,1
SV00506,medium,1
SV00507,medium,1
SV00508,medium,1
SV00509,near,1
SV00510,far,1
SV00511,medium,0
SV00512,near,0
SV00513,medium,1
SV00514,medium,1
SV00515,far,1
SV00516,far,1
SV00517,medium,1
SV00518,near,0
SV00519,medium,0
SV00520,near,0
SV00521,near,0
SV00522,far,1
SV00523,medium,0
SV00524,near,0
SV00525,near,0
SV00526,far,1
SV00527,medium,1
SV00528,far,1
SV00529,medium,1
SV00530,near,1
SV00531,medium,0
SV00532,far,1
SV00533,medium,0
SV00534,far,1
SV00535,near,0
SV00536,far,1
SV00537,medium,1
SV00538,near,0
SV00539,near,0
SV00540,far,1
SV00541,near,1
SV00542,far,1
SV00543,medium,1
SV00544,medium,1
SV00545,near,0
SV00546,near,1
SV00547,far,1
SV00548,near,1
SV00549,near,1
SV00550,medium,1
SV00551,medium,1
SV00552,far,1
SV00553,medium,1
SV00554,far,1
SV00555,medium,0
SV00556,medium,1
SV00557,far,1
SV00558,far,1
SV00559,near,0
SV00560,far,1
SV00561,far,0
SV00562,near,1
SV00563,far,1
SV00564,medium,1
SV00565,far,1
SV00566,medium,1
SV00567,medium,1
SV00568,near,0
SV00569,medium,1
SV00570,medium,0
SV00571,near,1
SV00572,far,1
SV00573,near,1
SV00574,medium,1
SV00575,far,1
SV00576,medium,1
SV00577,near,1
SV00578,medium,1
SV00579,far,1
SV00580,near,1
SV00581,near,0
SV00582,medium,1
SV00583,medium,1
SV00584,near,0
SV00585,near,1
SV00586,near,1
SV00587,medium,1
SV00588,medium,0
SV00589,far,1
SV00590,far,1
SV00591,far,1
SV00592,near,0
SV00593,far,1
SV00594,far,1
SV00595,medium,1
SV00596,near,1
SV00597,near,1
SV00598,far,1
SV00599,far,1
SV00600,medium,1
SV00601,near,0
SV00602,near,1
SV00603,medium,1
SV00604,medium,1
SV00605,far,1
SV00606,medium,1
SV00607,far,1
SV00608,medium,1
SV00609,medium,1
SV00610,near,1
SV00611,far,1
SV00612,near,0
SV00613,near,1
SV00614,medium,1
SV00615,far,1
SV00616,near,1
SV00617,medium,0
SV00618,medium,1
SV00619,medium,1
SV00620,far,1
SV00621,near,0
SV00622,near,0
SV00623,near,1
SV00624,near,1
SV00625,far,1
SV00626,near,0
SV00627,medium,1
SV00628,near,1
SV00629,near,1
SV00630,near,0
SV00631,far,1
SV00632,medium,1
SV00633,medium,0
SV00634,far,1
SV00635,medium,0
SV00636,medium,1
SV00637,far,1
SV00638,medium,1
SV00639,medium,1
SV00640,near,0
SV00641,near,1
SV00642,medium,1
SV00643,medium,1
SV00644,medium,1
SV00645,medium,1
SV00646,medium,1
SV00647,near,0
SV00648,far,1
SV00649,near,1
SV00650,far,1
SV00651,far,1
SV00652,near,1
SV00653,medium,0
SV00654,far,1
SV00655,medium,1
SV00656,medium,1
SV00657,far,1
SV00658,near,1
SV00659,medium,1
SV00660,near,1
SV00661,near,0
SV00662,near,0
SV00663,medium,1
SV00664,near,0
SV00665,medium,1
SV00666,near,0
SV00667,near,0
SV00668,far,1
SV00669,medium,1
SV00670,near,1
SV00671,medium,0
SV00672,near,0
SV00673,far,1
SV00674,medium,0
SV00675,near,0
SV00676,near,1
SV00677,medium,0
SV00678,near,0
SV00679,near,1
SV00680,near,0
SV00681,far,1
SV00682,near,1
SV00683,far,1
SV00684,near,0
SV00685,medium,1
SV00686,far,1
SV00687,near,1
SV00688,medium,1
SV00689,near,0
SV00690,near,1
SV00691,medium,1
SV00692,far,1
SV00693,far,1
SV00694,medium,1
SV00695,near,0
SV00696,medium,1
SV00697,medium,0
SV00698,near,0
SV00699,far,1
SV00700,far,1
SV00701,far,1
SV00702,far,1
SV00703,far,1
SV00704,near,1
SV00705,medium,1
SV00706,medium,1
SV00707,medium,1
SV00708,medium,1
SV00709,near,0
SV00710,medium,1
SV00711,far,1
SV00712,medium,1
SV00713,far,0
SV00714,far,1
SV00715,near,1
SV00716,medium,0
SV00717,medium,1
SV00718,near,1
SV00719,far,1
SV00720,medium,1
SV00721,medium,1
SV00722,medium,0
SV00723,far,1
SV00724,medium,1
SV00725,medium,1
SV00726,medium,1
SV00727,far,1
SV00728,far,1
SV00729,near,1
SV00730,medium,1
SV00731,near,1
SV00732,near,0
SV00733,medium,1
SV00734,far,1
SV00735,far,1
SV00736,far,1
SV00737,near,0
SV00738,near,1
SV00739,far,1
SV00740,medium,1
SV00741,medium,1
SV00742,medium,1
SV00743,medium,1
SV00744,medium,0
SV00745,medium,1
SV00746,medium,1
SV00747,near,0
SV00748,medium,1
SV00749,near,1
SV00750,medium,1
SV00751,near,0
SV00752,medium,1
SV00753,near,1
SV00754,near,1
SV00755,far,1
SV00756,medium,1
SV00757,near,0
SV00758,medium,0
SV00759,far,1
SV00760,medium,1
SV00761,far,1
SV00762,far,1
SV00763,medium,1
SV00764,far,1
SV00765,near,0
SV00766,medium,1
SV00767,medium,1
SV00768,far,1
SV00769,near,0
SV00770,near,1
SV00771,medium,1
SV00772,near,1
SV00773,medium,1
SV00774,medium,1
SV00775,near,1
SV00776,near,0
SV00777,medium,1
SV00778,medium,1
SV00779,medium,1
SV00780,medium,1
SV00781,medium,0
SV00782,near,0
SV00783,far,1
SV00784,near,0
SV00785,medium,1
SV00786,far,1
SV00787,medium,1
SV00788,near,1
SV00789,medium,1
SV00790,near,1
SV00791,medium,1
SV00792,medium,1
SV00793,far,1
SV00794,medium,1
SV00795,far,1
SV00796,medium,1
SV00797,near,0
SV00798,medium,1
SV00799,far,1
SV00800,near,1
SV00801,medium,0
SV00802,medium,1
SV00803,far,1
SV00804,medium,1
SV00805,far,1
SV00806,near,1
SV00807,near,0
SV00808,far,1
SV00809,medium,1
SV00810,medium,1
SV00811,medium,1
SV00812,medium,1
SV00813,near,0
SV00814,near,1
SV00815,near,0
SV00816,near,0
SV00817,medium,1
SV00818,near,0
SV00819,near,1
SV00820,near,0
SV00821,far,1
SV00822,far,1
SV00823,near,0
SV00824,far,1
SV00825,far,1
SV00826,medium,1
SV00827,far,1
SV00828,near,1
SV00829,medium,1
SV00830,near,1
SV00831,far,1
SV00832,medium,0
SV00833,far,1
SV00834,far,1
SV00835,far,1
SV00836,near,1
SV00837,near,0
SV00838,near,1
SV00839,far,1
SV00840,near,1
SV00841,medium,1
SV00842,far,1
SV00843,near,1
SV00844,near,0
SV00845,far,1
SV00846,near,0
SV00847,medium,1
SV00848,far,1
SV00849,medium,1
SV00850,medium,1
SV00851,near,1
SV00852,medium,1
SV00853,near,1
SV00854,far,1
SV00855,medium,1
SV00856,medium,0
SV00857,medium,1
SV00858,near,0
SV00859,near,1
SV00860,medium,1
SV00861,medium,1
SV00862,medium,1
SV00863,medium,1
SV00864,medium,1
SV00865,near,0
SV00866,far,1
SV00867,medium,1
SV00868,far,1
SV00869,medium,1
SV00870,far,1
SV00871,far,1
SV00872,medium,1
SV00873,medium,1
SV00874,medium,1
SV00875,far,1
SV00876,far,1
SV00877,near,1
SV00878,medium,0
SV00879,near,0
SV00880,near,1
SV00881,near,0
SV00882,medium,1
SV00883,far,1
SV00884,near,0
SV00885,medium,0
SV00886,far,1
SV00887,far,1
SV00888,medium,1
SV00889,far,1
SV00890,near,0
SV00891,far,1
SV00892,near,1
SV00893,medium,0
SV00894,near,1
SV00895,far,1
SV00896,near,0
SV00897,near,1
SV00898,near,1
SV00899,far,1
SV00900,far,1
SV00901,medium,1
SV00902,medium,1
SV00903,medium,1
SV00904,near,0
SV00905,near,0
SV00906,medium,1
SV00907,medium,1
SV00908,near,1
SV00909,near,0
SV00910,near,1
SV00911,near,0
SV00912,far,1
SV00913,near,1
SV00914,far,1
SV00915,medium,1
SV00916,far,1
SV00917,near,1
SV00918,far,1
SV00919,near,1
SV00920,far,1
SV00921,medium,0
SV00922,far,1
SV00923,near,0
SV00924,medium,1
SV00925,medium,1
SV00926,far,1
SV00927,medium,1
SV00928,far,1
SV00929,near,1
SV00930,far,1
SV00931,near,1
SV00932,far,1
SV00933,far,1
SV00934,near,1
SV00935,near,1
SV00936,medium,1
SV00937,far,1
SV00938,near,1
SV00939,medium,1
SV00940,medium,0
SV00941,medium,1
SV00942,near,0
SV00943,far,1
SV00944,near,0
SV00945,medium,0
SV00946,far,1
SV00947,near,1
SV00948,far,1
SV00949,medium,1
SV00950,medium,0
SV00951,far,1
SV00952,medium,1
SV00953,near,1
SV00954,medium,1
SV00955,far,1
SV00956,far,1
SV00957,medium,1
SV00958,medium,1
SV00959,near,1
SV00960,medium,1
SV00961,far,1
SV00962,medium,1
SV00963,medium,1
SV00964,medium,1
SV00965,medium,1
SV00966,far,0
SV00967,medium,0
SV00968,medium,1
SV00969,far,1
SV00970,medium,1
SV00971,medium,0
SV00972,near,1
SV00973,near,1
SV00974,near,1
SV00975,far,0
SV00976,far,1
SV00977,medium,1
SV00978,far,1
SV00979,medium,0
SV00980,near,1
SV00981,far,1
SV00982,far,1
SV00983,far,1
SV00984,near,1
SV00985,far,1
SV00986,medium,1
SV00987,near,0
SV00988,medium,1
SV00989,near,0
SV00990,far,1
SV00991,far,1
SV00992,near,0
SV00993,near,1
SV00994,near,1
SV00995,near,0
SV00996,near,0
SV00997,medium,1
SV00998,far,1
SV00999,medium,1
SV01000,far,1
SV01001,near,0
SV01002,near,0
SV01003,far,1
SV01004,near,0
SV01005,near,1
SV01006,near,0
SV01007,far,1
SV01008,near,1
SV01009,far,1
SV01010,near,0
SV01011,medium,1
SV01012,far,1
SV01013,medium,1
SV01014,far,1
SV01015,medium,1
SV01016,medium,0
SV01017,far,1
SV01018,medium,0
SV01019,near,0
SV01020,near,0
SV01021,medium,0
SV01022,medium,1
SV01023,far,1
SV01024,far,0
SV01025,medium,1
SV01026,medium,1
SV01027,medium,1
SV01028,far,1
SV01029,medium,1
SV01030,medium,1
SV01031,medium,1
SV01032,near,1
SV01033,near,0
SV01034,medium,1
SV01035,near,0
SV01036,medium,1
SV01037,medium,0
SV01038,near,0
SV01039,medium,1
SV01040,near,1
SV01041,near,1
SV01042,far,1
SV01043,near,1
SV01044,near,0
SV01045,medium,1
SV01046,far,1
SV01047,far,1
SV01048,medium,1
SV01049,medium,0
SV01050,near,0
SV01051,far,1
SV01052,near,1
SV01053,medium,1
SV01054,far,1
SV01055,medium,0
SV01056,near,0
SV01057,near,0
SV01058,near,0
SV01059,medium,0
SV01060,near,0
SV01061,near,0
SV01062,near,0
SV01063,near,1
SV01064,near,0
SV01065,far,1
SV01066,near,1
SV01067,medium,1
SV01068,far,0
SV01069,far,1
SV01070,far,1
SV01071,near,1
SV01072,far,1
SV01073,near,0
SV01074,medium,1
SV01075,near,0
SV01076,near,1
SV01077,near,0
SV01078,medium,1
SV01079,medium,1
SV01080,near,1
SV01081,far,1
SV01082,far,1
SV01083,medium,1
SV01084,medium,1
SV01085,near,0
SV01086,medium,1
SV01087,far,1
SV01088,near,1
SV01089,far,1
SV01090,near,0
SV01091,near,1
SV01092,near,0
SV01093,medium,1
SV01094,near,1
SV01095,medium,0
SV01096,near,0
SV01097,medium,1
SV01098,near,1
SV01099,near,1
SV01100,near,0
SV01101,near,1
SV01102,far,1
SV01103,medium,1
SV01104,near,0
SV01105,medium,1
SV01106,far,1
SV01107,near,1
SV01108,medium,0
SV01109,far,1
SV01110,medium,0
SV01111,medium,0
SV01112,medium,1
SV01113,medium,1
SV01114,near,1
SV01115,near,1
SV01116,medium,1
SV01117,medium,1
SV01118,near,0
SV01119,far,1
SV01120,medium,1
SV01121,far,0
SV01122,far,1
SV01123,medium,0
SV01124,medium,1
SV01125,far,1
SV01126,medium,1
SV01127,far,1
SV01128,medium,1
SV01129,near,1
SV01130,far,1
SV01131,medium,1
SV01132,medium,1
SV01133,medium,1
SV01134,near,1
SV01135,medium,1
SV01136,medium,0
SV01137,medium,1
SV01138,medium,1
SV01139,far,1
SV01140,medium,1
SV01141,far,1
SV01142,near,0
SV01143,medium,1
SV01144,medium,1
SV01145,far,1
SV01146,far,1
SV01147,near,1
SV01148,medium,0
SV01149,medium,1
SV01150,far,1
SV01151,near,0
SV01152,near,1
SV01153,far,1
SV01154,near,0
SV01155,near,0
SV01156,medium,1
SV01157,far,1
SV01158,near,1
SV01159,medium,1
SV01160,medium,1
SV01161,medium,1
SV01162,near,1
SV01163,near,0
SV01164,far,1
SV01165,near,0
SV01166,near,1
SV01167,far,1
SV01168,medium,0
SV01169,medium,1
SV01170,medium,1
SV01171,far,1
SV01172,medium,1
SV01173,far,1
SV01174,medium,1
SV01175,medium,0
SV01176,medium,1
SV01177,medium,0
SV01178,medium,1
SV01179,far,1
SV01180,far,1
SV01181,medium,1
SV01182,far,0
SV01183,medium,1
SV01184,far,1
SV01185,far,1
SV01186,medium,1
SV01187,near,1
SV01188,near,1
SV01189,near,1
SV01190,medium,1
SV01191,medium,1
SV01192,far,1
SV01193,near,0
SV01194,near,0
SV01195,medium,0
SV01196,medium,1
SV01197,medium,1
SV01198,medium,1
SV01199,medium,1
SV01200,medium,0
SV01201,medium,1
SV01202,near,0
SV01203,medium,1
SV01204,medium,1
SV01205,medium,1
SV01206,medium,1
SV01207,near,1
SV01208,medium,1
SV01209,near,1
SV01210,medium,1
SV01211,far,0
SV01212,far,0
SV01213,far,1
SV01214,medium,1
SV01215,near,0
SV01216,far,0
SV01217,near,1
SV01218,near,0
SV01219,medium,1
SV01220,medium,1
SV01221,near,0
SV01222,near,1
SV01223,near,0
SV01224,far,1
SV01225,medium,1
SV01226,medium,1
SV01227,medium,1
SV01228,near,1
SV01229,medium,0
SV01230,medium,1
SV01231,medium,0
SV01232,far,1
SV01233,medium,1
SV01234,medium,1
SV01235,medium,1
SV01236,far,1
SV01237,far,1
SV01238,medium,1
SV01239,medium,1
SV01240,far,0
SV01241,far,1
SV01242,medium,1
SV01243,near,0
SV01244,near,1
SV01245,near,1
SV01246,medium,1
SV01247,medium,1
SV01248,medium,1
SV01249,far,0
SV01250,far,1
SV01251,medium,1
SV01252,medium,1
SV01253,near,0
SV01254,near,1
SV01255,far,0
SV01256,near,1
SV01257,medium,1
SV01258,medium,1
SV01259,far,1
SV01260,far,1
SV01261,medium,1
SV01262,far,1
SV01263,far,1
SV01264,far,1
SV01265,near,1
SV01266,medium,1
SV01267,near,1
SV01268,far,1
SV01269,medium,0
SV01270,near,1
SV01271,far,1
SV01272,medium,1
SV01273,near,0
SV01274,far,1
SV01275,near,0
SV01276,medium,1
SV01277,far,1
SV01278,near,0
SV01279,far,1
SV01280,medium,1
SV01281,medium,1
SV01282,medium,1
SV01283,near,0
SV01284,medium,1
SV01285,near,1
SV01286,far,1
SV01287,far,1
SV01288,near,0
SV01289,medium,1
SV01290,far,1
SV01291,medium,1
SV01292,medium,1
SV01293,near,1
SV01294,near,0
SV01295,medium,1
SV01296,far,1
SV01297,medium,1
SV01298,near,1
SV01299,far,1
SV01300,medium,1
SV01301,near,0
SV01302,near,0
SV01303,far,1
SV01304,far,1
SV01305,far,1
SV01306,far,1
SV01307,near,0
SV01308,near,0
SV01309,near,0
SV01310,far,1
SV01311,near,0
SV01312,near,0
SV01313,far,0
SV01314,near,1
SV01315,medium,1
SV01316,medium,1
SV01317,far,1
SV01318,medium,1
SV01319,medium,0
SV01320,near,1
SV01321,near,1
SV01322,near,0
SV01323,far,1
SV01324,near,0
SV01325,medium,1
SV01326,medium,1
SV01327,medium,1
SV01328,medium,1
SV01329,near,0
SV01330,medium,0
SV01331,near,0
SV01332,far,1
SV01333,medium,1
SV01334,near,0
SV01335,medium,1
SV01336,far,1
SV01337,near,0
SV01338,far,1
SV01339,medium,0
SV01340,near,0
SV01341,near,0
SV01342,medium,1
SV01343,near,0
SV01344,near,1
SV01345,far,1
SV01346,near,1
SV01347,near,0
SV01348,medium,1
SV01349,near,0
SV01350,far,1
SV01351,near,1
SV01352,medium,1
SV01353,medium,1
SV01354,near,1
SV01355,medium,0
SV01356,medium,1
SV01357,near,1
SV01358,medium,0
SV01359,far,1
SV01360,medium,1
SV01361,medium,1
SV01362,far,1
SV01363,near,0
SV01364,far,1
SV01365,medium,1
SV01366,near,1
SV01367,far,1
SV01368,near,0
SV01369,far,1
SV01370,far,1
SV01371,far,1
SV01372,far,0
SV01373,near,1
SV01374,near,0
SV01375,near,0
SV01376,far,1
SV01377,near,1
SV01378,near,1
SV01379,medium,1
SV01380,far,1
SV01381,medium,0
SV01382,near,0
SV01383,medium,1
SV01384,near,0
SV01385,near,0
SV01386,near,1
SV01387,near,1
SV01388,medium,1
SV01389,near,0
SV01390,medium,1
SV01391,far,1
SV01392,far,1
SV01393,medium,1
SV01394,far,1
SV01395,near,0
SV01396,medium,1
SV01397,near,0
SV01398,medium,1
SV01399,near,0
SV01400,far,1
SV01401,far,1
SV01402,near,0
SV01403,medium,1
SV01404,near,1
SV01405,far,1
SV01406,medium,1
SV01407,near,0
SV01408,near,0
SV01409,medium,1
SV01410,far,1
SV01411,medium,0
SV01412,medium,0
SV01413,medium,1
SV01414,medium,1
SV01415,medium,0
SV01416,far,1
SV01417,near,0
SV01418,near,1
SV01419,far,1
SV01420,medium,1
SV01421,far,1
SV01422,near,1
SV01423,near,1
SV01424,medium,0
SV01425,medium,1
SV01426,near,1
SV01427,near,0
SV01428,medium,1
SV01429,far,1
SV01430,medium,0
SV01431,near,0
SV01432,medium,1
SV01433,far,1
SV01434,far,1
SV01435,far,1
SV01436,medium,1
SV01437,near,1
SV01438,medium,1
SV01439,near,1
SV01440,near,1
SV01441,far,1
SV01442,near,0
SV01443,far,1
SV01444,medium,0
SV01445,medium,1
SV01446,near,0
SV01447,near,1
SV01448,far,1
SV01449,medium,1
SV01450,near,0
SV01451,near,1
SV01452,medium,1
SV01453,far,1
SV01454,medium,1
SV01455,medium,1
SV01456,medium,1
SV01457,near,1
SV01458,near,1
SV01459,near,1
SV01460,far,1
SV01461,near,1
SV01462,near,0
SV01463,near,0
SV01464,near,0
SV01465,near,0
SV01466,far,1
SV01467,medium,1
SV01468,near,1
SV01469,medium,1
SV01470,medium,1
SV01471,near,1
SV01472,far,1
SV01473,far,1
SV01474,near,1
SV01475,far,1
SV01476,medium,1
SV01477,far,1
SV01478,medium,1
SV01479,near,1
SV01480,medium,0
SV01481,near,0
SV01482,near,0
SV01483,near,1
SV01484,medium,1
SV01485,far,1
SV01486,far,1
SV01487,near,1
SV01488,medium,1
SV01489,near,1
SV01490,far,1
SV01491,near,1
SV01492,far,1
SV01493,medium,1
SV01494,near,0
SV01495,far,1
SV01496,medium,1
SV01497,near,0
SV01498,medium,1
SV01499,far,1
SV01500,medium,1
SV01501,near,1
SV01502,near,1
SV01503,far,1
SV01504,far,0
SV01505,medium,1
SV01506,medium,1
SV01507,near,0
SV01508,medium,1
SV01509,medium,1
SV01510,far,1
SV01511,medium,1
SV01512,near,1
SV01513,near,1
SV01514,far,1
SV01515,medium,1
SV01516,medium,1
SV01517,medium,1
SV01518,near,0
SV01519,medium,1
SV01520,near,0
SV01521,far,1
SV01522,far,1
SV01523,medium,1
SV01524,near,1
SV01525,medium,1
SV01526,medium,1
SV01527,far,1
SV01528,medium,1
SV01529,medium,0
SV01530,medium,1
SV01531,medium,1
SV01532,near,1
SV01533,near,1
SV01534,medium,1
SV01535,near,0
SV01536,medium,1
SV01537,medium,1
SV01538,far,1
SV01539,medium,1
SV01540,far,1
SV01541,medium,1
SV01542,near,1
SV01543,far,1
SV01544,medium,1
SV01545,near,1
SV01546,far,1
SV01547,near,1
SV01548,near,1
SV01549,near,1
SV01550,medium,1
SV01551,far,1
SV01552,near,1
SV01553,far,1
SV01554,medium,1
SV01555,medium,1
SV01556,medium,1
SV01557,near,0
SV01558,far,1
SV01559,medium,1
SV01560,medium,1
SV01561,medium,0
SV01562,medium,0
SV01563,near,1
SV01564,near,0
SV01565,medium,1
SV01566,medium,1
SV01567,medium,1
SV01568,medium,1
SV01569,far,1
SV01570,far,0
SV01571,near,0
SV01572,near,1
SV01573,near,0
SV01574,near,0
SV01575,near,1
SV01576,medium,1
SV01577,far,1
SV01578,medium,1
SV01579,near,1
SV01580,medium,1
SV01581,far,1
SV01582,near,1
SV01583,far,1
SV01584,medium,1
SV01585,near,1
SV01586,near,1
SV01587,medium,1
SV01588,near,1
SV01589,near,0
SV01590,near,1
SV01591,near,1
SV01592,far,1
SV01593,far,1
SV01594,near,1
SV01595,medium,1
SV01596,medium,0
SV01597,near,0
SV01598,medium,1
SV01599,far,1
SV01600,medium,1
SV01601,near,0
SV01602,near,1
SV01603,medium,1
SV01604,far,1
SV01605,near,0
SV01606,near,1
SV01607,far,1
SV01608,near,1
SV01609,medium,1
SV01610,far,1
SV01611,near,1
SV01612,medium,1
SV01613,medium,1
SV01614,medium,1
SV01615,far,1
SV01616,medium,1
SV01617,near,1
SV01618,medium,1
SV01619,medium,1
SV01620,medium,1
SV01621,far,1
SV01622,far,1
SV01623,far,1
SV01624,far,1
SV01625,far,1
SV01626,medium,1
SV01627,near,1
SV01628,near,0
SV01629,near,1
SV01630,far,1
SV01631,near,0
SV01632,medium,1
SV01633,near,0
SV01634,near,0
SV01635,near,1
SV01636,far,1
SV01637,near,1
SV01638,near,0
SV01639,far,1
SV01640,far,1
SV01641,near,1
SV01642,medium,1
SV01643,far,1
SV01644,near,1
SV01645,near,0
SV01646,far,1
SV01647,far,1
SV01648,medium,1
SV01649,far,1
SV01650,near,1
SV01651,near,1
SV01652,medium,1
SV01653,far,1
SV01654,near,1
SV01655,near,0
SV01656,medium,1
SV01657,near,0
SV01658,near,1
SV01659,medium,1
SV01660,near,1
SV01661,medium,1
SV01662,medium,1
SV01663,medium,1
SV01664,medium,1
SV01665,medium,1
SV01666,near,1
SV01667,near,0
SV01668,medium,0
SV01669,far,1
SV01670,near,0
SV01671,near,0
SV01672,medium,1
SV01673,near,0
SV01674,medium,1
SV01675,far,1
SV01676,medium,1
SV01677,medium,1
SV01678,near,0
SV01679,medium,1
SV01680,far,1
SV01681,far,1
SV01682,far,1
SV01683,near,1
SV01684,near,0
SV01685,near,1
SV01686,near,1
SV01687,near,1
SV01688,medium,1
SV01689,far,1
SV01690,near,1
SV01691,far,1
SV01692,medium,1
SV01693,near,0
SV01694,medium,1
SV01695,near,1
SV01696,near,1
SV01697,near,0
SV01698,near,0
SV01699,far,1
SV01700,far,1
SV01701,near,1
SV01702,near,1
SV01703,far,1
SV01704,medium,1
SV01705,medium,0
SV01706,far,1
SV01707,far,1
SV01708,medium,1
SV01709,near,1
SV01710,far,1
SV01711,medium,1
SV01712,medium,1
SV01713,medium,1
SV01714,near,0
SV01715,medium,1
SV01716,medium,0
SV01717,far,0
SV01718,medium,1
SV01719,medium,1
SV01720,medium,1
SV01721,near,0
SV01722,medium,1
SV01723,near,1
SV01724,near,0
SV01725,near,0
SV01726,far,1
SV01727,near,0
SV01728,far,1
SV01729,medium,1
SV01730,near,0
SV01731,medium,1
SV01732,near,0
SV01733,far,1
SV01734,near,0
SV01735,medium,0
SV01736,medium,1
SV01737,near,1
SV01738,near,0
SV01739,near,0
SV01740,near,1
SV01741,near,0
SV01742,near,0
SV01743,near,1
SV01744,near,1
SV01745,medium,1
SV01746,medium,0
SV01747,medium,1
SV01748,near,1
SV01749,medium,1
SV01750,near,1
SV01751,far,1
SV01752,far,1
SV01753,medium,1
SV01754,medium,1
SV01755,near,1
SV01756,medium,1
SV01757,medium,1
SV01758,near,0
SV01759,far,1
SV01760,near,1
SV01761,far,1
SV01762,far,1
SV01763,far,1
SV01764,near,0
SV01765,medium,1
SV01766,near,0
SV01767,medium,1
SV01768,medium,1
SV01769,far,1
SV01770,medium,1
SV01771,near,1
SV01772,far,1
SV01773,medium,1
SV01774,far,1
SV01775,medium,1
SV01776,near,1
SV01777,near,1
SV01778,near,0
SV01779,medium,1
SV01780,far,1
SV01781,near,1
SV01782,near,1
SV01783,far,1
SV01784,medium,1
SV01785,far,1
SV01786,far,1
SV01787,medium,1
SV01788,near,0
SV01789,near,0
SV01790,medium,1
SV01791,medium,1
SV01792,near,1
SV01793,far,1
SV01794,medium,1
SV01795,medium,1
SV01796,near,1
SV01797,near,1
SV01798,medium,1
SV01799,medium,0
SV01800,near,1
SV01801,near,1
SV01802,far,1
SV01803,far,1
SV01804,near,1
SV01805,medium,1
SV01806,medium,0
SV01807,near,1
SV01808,medium,1
SV01809,near,1
SV01810,far,1
SV01811,near,0
SV01812,near,1
SV01813,near,0
SV01814,far,1
SV01815,near,0
SV01816,near,1
SV01817,near,1
SV01818,far,1
SV01819,far,1
SV01820,far,1
SV01821,near,1
SV01822,medium,0
SV01823,medium,1
SV01824,medium,1
SV01825,near,0
SV01826,near,0
SV01827,medium,1
SV01828,medium,1
SV01829,near,1
SV01830,medium,1
SV01831,near,1
SV01832,medium,1
SV01833,far,1
SV01834,medium,1
SV01835,far,1
SV01836,far,1
SV01837,near,0
SV01838,near,1
SV01839,far,1
SV01840,medium,0
SV01841,medium,1
SV01842,far,1
SV01843,near,1
SV01844,far,1
SV01845,medium,1
SV01846,medium,1
SV01847,near,0
SV01848,medium,1
SV01849,medium,1
SV01850,far,1
SV01851,near,1
SV01852,medium,1
SV01853,near,1
SV01854,far,1
SV01855,near,1
SV01856,medium,1
SV01857,near,0
SV01858,near,1
SV01859,near,1
SV01860,medium,1
SV01861,near,1
SV01862,far,1
SV01863,near,0
SV01864,far,1
SV01865,near,0
SV01866,near,0
SV01867,far,1
SV01868,far,1
SV01869,far,1
SV01870,far,1
SV01871,medium,1
SV01872,near,1
SV01873,near,1
SV01874,medium,1
SV01875,near,1
SV01876,far,1
SV01877,medium,1
SV01878,medium,1
SV01879,medium,1
SV01880,medium,1
SV01881,near,1
SV01882,medium,1
SV01883,far,1
SV01884,far,1
SV01885,near,1
SV01886,near,1
SV01887,near,0
SV01888,near,1
SV01889,medium,1
SV01890,medium,1
SV01891,far,1
SV01892,medium,1
SV01893,near,0
SV01894,far,1
SV01895,near,1
SV01896,medium,1
SV01897,near,0
SV01898,medium,1
SV01899,near,0
SV01900,medium,1
SV01901,medium,1
SV01902,medium,1
SV01903,medium,0
SV01904,medium,1
SV01905,near,1
SV01906,far,1
SV01907,medium,1
SV01908,far,1
SV01909,medium,0
SV01910,medium,1
SV01911,medium,1
SV01912,near,0
SV01913,medium,1
SV01914,near,0
SV01915,near,0
SV01916,far,1
SV01917,near,0
SV01918,near,0
SV01919,far,1
SV01920,near,0
SV01921,far,1
SV01922,near,1
SV01923,medium,0
SV01924,medium,1
SV01925,near,1
SV01926,far,1
SV01927,far,1
SV01928,far,0
SV01929,far,1
SV01930,far,1
SV01931,near,0
SV01932,near,0
SV01933,near,0
SV01934,medium,1
SV01935,near,1
SV01936,medium,1
SV01937,medium,1
SV01938,far,1
SV01939,near,0
SV01940,near,1
SV01941,medium,1
SV01942,far,1
SV01943,medium,1
SV01944,far,1
SV01945,far,1
SV01946,near,1
SV01947,medium,1
SV01948,far,1
SV01949,near,1
SV01950,near,0
SV01951,medium,1
SV01952,far,1
SV01953,medium,0
SV01954,medium,1
SV01955,medium,1
SV01956,medium,1
SV01957,near,0
SV01958,near,1
SV01959,near,1
SV01960,near,1
SV01961,near,0
SV01962,medium,1
SV01963,medium,1
SV01964,near,1
SV01965,near,1
SV01966,medium,1
SV01967,near,1
SV01968,medium,1
SV01969,medium,1
SV01970,medium,1
SV01971,near,1
SV01972,near,1
SV01973,near,1
SV01974,far,1
SV01975,medium,1
SV01976,near,1
SV01977,medium,1
SV01978,far,1
SV01979,far,1
SV01980,medium,0
SV01981,near,0
SV01982,medium,1
SV01983,medium,0
SV01984,far,1
SV01985,near,0
SV01986,medium,0
SV01987,near,0
SV01988,medium,1
SV01989,far,1
SV01990,far,1
SV01991,near,1
SV01992,medium,1
SV01993,far,1
SV01994,medium,0
SV01995,near,1
SV01996,medium,1
SV01997,near,0
SV01998,medium,1
SV01999,medium,1
SV02000,far,1
SV02001,far,1
SV02002,medium,1
SV02003,far,1
SV02004,near,0
SV02005,near,1
SV02006,medium,1
SV02007,medium,1
SV02008,far,0
SV02009,medium,1
SV02010,medium,1
SV02011,near,0
SV02012,far,1
SV02013,far,1
SV02014,medium,1
SV02015,near,1
SV02016,medium,1
SV02017,far,1
SV02018,far,1
SV02019,far,1
SV02020,far,1
SV02021,near,0
SV02022,near,0
SV02023,near,0
SV02024,near,0
SV02025,medium,1
SV02026,near,1
SV02027,medium,0
SV02028,medium,1
SV02029,medium,0
SV02030,near,0
SV02031,near,0
SV02032,near,1
SV02033,far,1
SV02034,near,1
SV02035,near,0
SV02036,near,0
SV02037,far,1
SV02038,near,0
SV02039,medium,1
SV02040,near,0
SV02041,medium,1
SV02042,near,1
SV02043,near,0
SV02044,medium,1
SV02045,near,1
SV02046,medium,1
SV02047,far,1
SV02048,medium,1
SV02049,near,0
SV02050,far,1
SV02051,far,1
SV02052,near,1
SV02053,near,0
SV02054,medium,1
SV02055,far,1
SV02056,far,1
SV02057,medium,1
SV02058,far,1
SV02059,near,0
SV02060,far,1
SV02061,far,1
SV02062,near,1
SV02063,near,0
SV02064,medium,1
SV02065,medium,1
SV02066,far,1
SV02067,far,1
SV02068,medium,1
SV02069,medium,1
SV02070,medium,1
SV02071,far,1
SV02072,near,1
SV02073,near,1
SV02074,near,0
SV02075,medium,1
SV02076,far,1
SV02077,medium,1
SV02078,medium,1
SV02079,near,1
SV02080,medium,1
SV02081,near,1
SV02082,near,0
SV02083,near,1
SV02084,medium,1
SV02085,far,1
SV02086,near,0
SV02087,near,0
SV02088,near,0
SV02089,near,1
SV02090,near,1
SV02091,medium,1
SV02092,medium,0
SV02093,far,1
SV02094,medium,1
SV02095,medium,1
SV02096,medium,0
SV02097,far,1
SV02098,medium,1
SV02099,far,1
SV02100,medium,1
SV02101,far,1
SV02102,medium,1
SV02103,near,0
SV02104,far,1
SV02105,medium,1
SV02106,near,0
SV02107,far,1
SV02108,near,1
SV02109,near,0
SV02110,far,1
SV02111,near,1
SV02112,medium,1
SV02113,medium,0
SV02114,far,1
SV02115,medium,1
SV02116,medium,1
SV02117,medium,1
SV02118,medium,1
SV02119,near,0
SV02120,far,1
SV02121,far,1
SV02122,near,0
SV02123,near,0
SV02124,near,0
SV02125,far,1
SV02126,medium,0
SV02127,far,1
SV02128,medium,1
SV02129,near,1
SV02130,medium,1
SV02131,far,1
SV02132,far,1
SV02133,near,1
SV02134,far,1
SV02135,medium,1
SV02136,far,1
SV02137,far,1
SV02138,medium,1
SV02139,medium,0
SV02140,medium,1
SV02141,medium,1
SV02142,near,0
SV02143,far,1
SV02144,near,1
SV02145,medium,1
SV02146,medium,1
SV02147,medium,1
SV02148,near,0
SV02149,far,1
SV02150,near,0
SV02151,near,1
SV02152,medium,1
SV02153,medium,1
SV02154,medium,1
SV02155,near,0
SV02156,near,0
SV02157,medium,1
SV02158,near,0
SV02159,near,1
SV02160,medium,1
SV02161,near,1
SV02162,far,1
SV02163,near,0
SV02164,medium,1
SV02165,far,1
SV02166,medium,1
SV02167,medium,1
SV02168,medium,0
SV02169,medium,0
SV02170,far,1
SV02171,medium,1
SV02172,medium,1
SV02173,far,1
SV02174,near,1
SV02175,near,1
SV02176,far,1
SV02177,near,0
SV02178,near,1
SV02179,far,1
SV02180,medium,1
SV02181,near,0
SV02182,far,1
SV02183,near,1
SV02184,far,1
SV02185,medium,1
SV02186,near,1
SV02187,far,1
SV02188,medium,1
SV02189,medium,1
SV02190,far,1
SV02191,near,1
SV02192,medium,1
SV02193,medium,0
SV02194,medium,1
SV02195,far,1
SV02196,far,1
SV02197,medium,0
SV02198,medium,1
SV02199,near,1
SV02200,medium,1
SV02201,far,1
SV02202,near,0
SV02203,far,1
SV02204,near,0
SV02205,far,1
SV02206,near,0
SV02207,far,1
SV02208,medium,1
SV02209,medium,1
SV02210,medium,1
SV02211,medium,1
SV02212,far,1
SV02213,far,1
SV02214,medium,0
SV02215,near,1
SV02216,near,1
SV02217,near,1
SV02218,medium,1
SV02219,near,1
SV02220,near,1
SV02221,near,1
SV02222,near,0
SV02223,far,1
SV02224,near,1
SV02225,far,1
SV02226,medium,1
SV02227,far,1
SV02228,near,1
SV02229,far,1
SV02230,medium,1
SV02231,near,1
SV02232,near,1
SV02233,far,1
SV02234,near,0
SV02235,near,1
SV02236,medium,1
SV02237,medium,1
SV02238,far,1
SV02239,medium,1
SV02240,medium,0
SV02241,medium,1
SV02242,far,1
SV02243,near,0
SV02244,far,1
SV02245,medium,1
SV02246,medium,1
SV02247,medium,1
SV02248,medium,0
SV02249,medium,1
SV02250,far,1
SV02251,medium,1
SV02252,near,1
SV02253,near,0
SV02254,far,1
SV02255,near,0
SV02256,medium,1
SV02257,medium,1
SV02258,far,1
SV02259,far,1
SV02260,far,1
SV02261,far,1
SV02262,far,1
SV02263,medium,1
SV02264,near,0
SV02265,near,0
SV02266,medium,1
SV02267,near,0
SV02268,medium,0
SV02269,near,1
SV02270,near,1
SV02271,near,1
SV02272,near,1
SV02273,medium,1
SV02274,far,1
SV02275,medium,1
SV02276,far,0
SV02277,medium,1
SV02278,far,1
SV02279,medium,1
SV02280,near,1
SV02281,near,1
SV02282,medium,1
SV02283,far,1
SV02284,medium,1
SV02285,near,0
SV02286,medium,1
SV02287,medium,1
SV02288,far,1
SV02289,far,1
SV02290,far,1
SV02291,near,1
SV02292,near,0
SV02293,near,0
SV02294,medium,1
SV02295,near,1
SV02296,medium,1
SV02297,medium,1
SV02298,far,1
SV02299,far,1
SV02300,medium,0
SV02301,near,1
SV02302,medium,1
SV02303,near,0
SV02304,near,1
SV02305,medium,1
SV02306,near,0
SV02307,medium,0
SV02308,far,1
SV02309,medium,1
SV02310,far,1
SV02311,far,1
SV02312,near,0
SV02313,near,0
SV02314,near,0
SV02315,near,0
SV02316,medium,1
SV02317,medium,1
SV02318,near,1
SV02319,far,1
SV02320,far,1
SV02321,medium,1
SV02322,near,1
SV02323,medium,1
SV02324,medium,1
SV02325,near,1
SV02326,far,1
SV02327,near,1
SV02328,near,1
SV02329,near,0
SV02330,medium,1
SV02331,near,1
SV02332,far,1
SV02333,far,1
SV02334,medium,1
SV02335,near,1
SV02336,near,0
SV02337,medium,1
SV02338,far,1
SV02339,near,0
SV02340,medium,1
SV02341,near,1
SV02342,near,0
SV02343,near,0
SV02344,medium,1
SV02345,far,1
SV02346,medium,1
SV02347,medium,1
SV02348,far,0
SV02349,medium,1
SV02350,medium,0
SV02351,far,1
SV02352,medium,1
SV02353,far,1
SV02354,near,0
SV02355,medium,0
SV02356,near,1
SV02357,near,0
SV02358,near,0
SV02359,medium,0
SV02360,medium,1
SV02361,medium,1
SV02362,near,1
SV02363,medium,0
SV02364,near,1
SV02365,near,1
SV02366,medium,1
SV02367,medium,1
SV02368,near,1
SV02369,near,0
SV02370,far,1
SV02371,medium,1
SV02372,medium,1
SV02373,medium,1
SV02374,near,0
SV02375,near,1
SV02376,far,1
SV02377,near,0
SV02378,medium,0
SV02379,medium,1
SV02380,far,1
SV02381,medium,1
SV02382,medium,1
SV02383,near,0
SV02384,far,1
SV02385,medium,1
SV02386,far,1
SV02387,near,1
SV02388,medium,1
SV02389,far,1
SV02390,medium,1
SV02391,medium,1
SV02392,medium,1
SV02393,far,1
SV02394,medium,1
SV02395,far,1
SV02396,far,1
SV02397,far,0
SV02398,near,1
SV02399,near,1
SV02400,medium,1
SV02401,near,0
SV02402,near,1
SV02403,near,1
SV02404,far,1
SV02405,near,0
SV02406,medium,1
SV02407,near,1
SV02408,medium,1
SV02409,near,0
SV02410,medium,1
SV02411,medium,1
SV02412,medium,1
SV02413,near,1
SV02414,medium,1
SV02415,medium,1
SV02416,medium,1
SV02417,far,1
SV02418,near,0
SV02419,near,1
SV02420,near,0
SV02421,near,1
SV02422,far,1
SV02423,medium,1
SV02424,medium,1
SV02425,near,1
SV02426,medium,1
SV02427,near,1
SV02428,near,1
SV02429,far,1
SV02430,medium,0
SV02431,medium,1
SV02432,medium,1
SV02433,near,1
SV02434,medium,1
SV02435,near,1
SV02436,near,0
SV02437,near,0
SV02438,near,1
SV02439,medium,1
SV02440,medium,1
SV02441,near,1
SV02442,far,1
SV02443,far,1
SV02444,near,1
SV02445,near,0
SV02446,near,1
SV02447,near,0
SV02448,medium,0
SV02449,medium,0
SV02450,near,0
SV02451,near,1
SV02452,medium,1
SV02453,near,1
SV02454,far,1
SV02455,near,0
SV02456,medium,1
SV02457,far,1
SV02458,far,1
SV02459,far,0
SV02460,medium,1
SV02461,far,1
SV02462,medium,1
SV02463,near,0
SV02464,medium,1
SV02465,medium,1
SV02466,far,1
SV02467,medium,1
SV02468,medium,1
SV02469,medium,1
SV02470,medium,1
SV02471,medium,1
SV02472,medium,0
SV02473,near,0
SV02474,far,1
SV02475,near,1
SV02476,medium,1
SV02477,far,1
SV02478,far,1
SV02479,medium,1
SV02480,medium,1
SV02481,far,1
SV02482,far,1
SV02483,medium,1
SV02484,far,1
SV02485,far,1
SV02486,medium,1
SV02487,near,1
SV02488,medium,1
SV02489,near,0
SV02490,near,1
SV02491,medium,0
SV02492,near,0
SV02493,medium,1
SV02494,far,1
SV02495,near,1
SV02496,medium,1
SV02497,medium,0
SV02498,near,1
SV02499,medium,1
SV02500,near,1
SV02501,far,1
SV02502,near,1
SV02503,near,0
SV02504,medium,1
SV02505,medium,1
SV02506,medium,1
SV02507,far,1
SV02508,medium,1
SV02509,far,1
SV02510,medium,0
SV02511,far,1
SV02512,medium,1
SV02513,near,0
SV02514,medium,0
SV02515,near,0
SV02516,far,1
SV02517,medium,1
SV02518,medium,1
SV02519,near,1
SV02520,near,1
SV02521,far,1
SV02522,near,0
SV02523,far,1
SV02524,medium,1
SV02525,far,1
SV02526,medium,0
SV02527,near,0
SV02528,medium,1
SV02529,near,1
SV02530,near,0
SV02531,medium,0
SV02532,far,1
SV02533,far,1
SV02534,medium,1
SV02535,far,1
SV02536,medium,0
SV02537,near,0
SV02538,medium,1
SV02539,near,1
SV02540,near,0
SV02541,near,0
SV02542,far,1
SV02543,near,0
SV02544,near,0
SV02545,medium,1
SV02546,medium,1
SV02547,near,1
SV02548,near,0
SV02549,near,0
SV02550,medium,0
SV02551,far,1
SV02552,far,1
SV02553,far,1
SV02554,medium,1
SV02555,far,1
SV02556,medium,1
SV02557,far,1
SV02558,far,1
SV02559,near,0
SV02560,near,1
SV02561,medium,1
SV02562,far,1
SV02563,near,1
SV02564,far,1
SV02565,medium,1
SV02566,near,1
SV02567,medium,1
SV02568,near,0
SV02569,medium,0
SV02570,medium,1
SV02571,far,1
SV02572,medium,1
SV02573,near,1
SV02574,near,1
SV02575,near,0
SV02576,far,1
SV02577,medium,1
SV02578,far,1
SV02579,far,1
SV02580,near,0
SV02581,medium,1
SV02582,far,1
SV02583,near,1
SV02584,medium,1
SV02585,medium,1
SV02586,far,1
SV02587,medium,1
SV02588,medium,1
SV02589,medium,1
SV02590,near,1
SV02591,near,0
SV02592,near,0
SV02593,near,0
SV02594,far,1
SV02595,medium,0
SV02596,medium,1
SV02597,far,1
SV02598,near,1
SV02599,medium,1
SV02600,near,0
SV02601,medium,1
SV02602,medium,1
SV02603,near,0
SV02604,far,1
SV02605,medium,1
SV02606,medium,0
SV02607,far,1
SV02608,medium,1
SV02609,near,0
SV02610,medium,1
SV02611,medium,0
SV02612,medium,1
SV02613,medium,1
SV02614,near,0
SV02615,medium,1
SV02616,far,1
SV02617,far,1
SV02618,medium,1
SV02619,medium,1
SV02620,far,1
SV02621,near,1
SV02622,medium,1
SV02623,far,1
SV02624,medium,1
SV02625,medium,0
SV02626,far,1
SV02627,medium,0
SV02628,near,1
SV02629,far,1
SV02630,medium,1
SV02631,far,1
SV02632,far,1
SV02633,medium,1
SV02634,far,1
SV02635,medium,1
SV02636,far,0
SV02637,far,1
SV02638,medium,1
SV02639,near,1
SV02640,medium,1
SV02641,medium,1
SV02642,medium,0
SV02643,medium,1
SV02644,far,1
SV02645,far,1
SV02646,far,1
SV02647,far,1
SV02648,medium,1
SV02649,medium,1
SV02650,medium,1
SV02651,medium,1
SV02652,near,0
SV02653,far,1
SV02654,medium,1
SV02655,medium,0
SV02656,near,0
SV02657,near,1
SV02658,medium,1
SV02659,near,1
SV02660,near,1
SV02661,medium,0
SV02662,near,1
SV02663,near,1
SV02664,medium,1
SV02665,medium,1
SV02666,medium,1
SV02667,far,1
SV02668,far,1
SV02669,medium,1
SV02670,near,1
SV02671,medium,1
SV02672,far,1
SV02673,medium,1
SV02674,near,0
SV02675,near,0
SV02676,near,1
SV02677,near,1
SV02678,near,0
SV02679,near,1
SV02680,near,0
SV02681,far,1
SV02682,far,1
SV02683,near,0
SV02684,near,0
SV02685,medium,1
SV02686,medium,1
SV02687,near,1
SV02688,medium,1
SV02689,far,1
SV02690,near,1
SV02691,far,1
SV02692,near,1
SV02693,medium,0
SV02694,near,1
SV02695,near,0
SV02696,near,1
SV02697,near,0
SV02698,near,0
SV02699,medium,0
SV02700,near,1
SV02701,medium,1
SV02702,medium,1
SV02703,medium,0
SV02704,near,1
SV02705,near,0
SV02706,medium,1
SV02707,far,1
SV02708,far,1
SV02709,medium,1
SV02710,near,0
SV02711,far,1
SV02712,far,1
SV02713,medium,1
SV02714,medium,1
SV02715,near,1
SV02716,near,1
SV02717,medium,0
SV02718,medium,0
SV02719,near,0
SV02720,far,1
SV02721,medium,1
SV02722,far,1
SV02723,far,1
SV02724,near,1
SV02725,medium,1
SV02726,far,1
SV02727,medium,1
SV02728,far,1
SV02729,near,0
SV02730,medium,0
SV02731,near,1
SV02732,medium,1
SV02733,medium,1
SV02734,near,0
SV02735,medium,1
SV02736,near,1
SV02737,medium,1
SV02738,near,0
SV02739,near,1
SV02740,medium,1
SV02741,far,1
SV02742,far,1
SV02743,near,1
SV02744,far,1
SV02745,near,1
SV02746,far,1
SV02747,medium,1
SV02748,far,1
SV02749,near,1
SV02750,medium,1
SV02751,near,0
SV02752,near,0
SV02753,far,1
SV02754,near,1
SV02755,near,0
SV02756,medium,1
SV02757,near,0
SV02758,near,1
SV02759,far,1
SV02760,near,1
SV02761,far,1
SV02762,far,1
SV02763,medium,0
SV02764,far,1
SV02765,near,1
SV02766,medium,1
SV02767,near,1
SV02768,near,0
SV02769,medium,1
SV02770,medium,1
SV02771,medium,1
SV02772,medium,1
SV02773,medium,1
SV02774,medium,1
SV02775,near,1
SV02776,far,1
SV02777,far,1
SV02778,far,1
SV02779,near,1
SV02780,near,0
SV02781,medium,1
SV02782,medium,0
SV02783,medium,1
SV02784,near,1
SV02785,medium,1
SV02786,far,1
SV02787,medium,1
SV02788,medium,0
SV02789,medium,1
SV02790,medium,1
SV02791,far,1
SV02792,far,1
SV02793,near,1
SV02794,near,0
SV02795,near,1
SV02796,far,1
SV02797,far,1
SV02798,far,1
SV02799,medium,1
SV02800,near,1
SV02801,near,0
SV02802,medium,1
SV02803,near,0
SV02804,near,0
SV02805,medium,1
SV02806,medium,0
SV02807,near,1
SV02808,far,1
SV02809,medium,1
SV02810,near,1
SV02811,medium,1
SV02812,far,1
SV02813,medium,1
SV02814,medium,1
SV02815,near,0
SV02816,medium,1
SV02817,near,1
SV02818,medium,1
SV02819,medium,1
SV02820,medium,1
SV02821,near,1
SV02822,near,0
SV02823,far,1
SV02824,medium,1
SV02825,far,0
SV02826,medium,1
SV02827,near,1
SV02828,near,1
SV02829,medium,1
SV02830,far,1
SV02831,near,0
SV02832,far,1
SV02833,far,1
SV02834,medium,1
SV02835,far,1
SV02836,medium,1
SV02837,near,1
SV02838,near,1
SV02839,medium,0
SV02840,medium,1
SV02841,far,1
SV02842,medium,1
SV02843,near,1
SV02844,medium,0
SV02845,far,1
SV02846,near,1
SV02847,near,0
SV02848,near,1
SV02849,far,1
SV02850,far,1
SV02851,medium,1
SV02852,medium,1
SV02853,far,1
SV02854,near,0
SV02855,near,1
SV02856,near,0
SV02857,far,1
SV02858,far,1
SV02859,far,1
SV02860,near,0
SV02861,near,1
SV02862,far,1
SV02863,near,1
SV02864,near,0
SV02865,near,1
SV02866,near,1
SV02867,near,0
SV02868,near,0
SV02869,medium,1
SV02870,near,1
SV02871,medium,1
SV02872,near,0
SV02873,medium,1
SV02874,medium,1
SV02875,near,1
SV02876,medium,1
SV02877,medium,0
SV02878,far,1
SV02879,near,1
SV02880,far,1
SV02881,medium,1
SV02882,far,1
SV02883,medium,1
SV02884,near,1
SV02885,medium,1
SV02886,far,1
SV02887,medium,1
SV02888,medium,1
SV02889,near,1
SV02890,medium,1
SV02891,medium,1
SV02892,medium,1
SV02893,far,1
SV02894,near,0
SV02895,near,1
SV02896,far,1
SV02897,near,1
SV02898,near,1
SV02899,near,0
SV02900,far,1
SV02901,medium,1
SV02902,near,1
SV02903,far,1
SV02904,far,1
SV02905,far,1
SV02906,near,1
SV02907,far,1
SV02908,medium,1
SV02909,far,1
SV02910,far,1
SV02911,medium,0
SV02912,far,1
SV02913,medium,0
SV02914,medium,1
SV02915,far,1
SV02916,near,0
SV02917,medium,0
SV02918,far,1
SV02919,medium,1
SV02920,far,1
SV02921,far,1
SV02922,far,1
SV02923,medium,1
SV02924,medium,1
SV02925,medium,1
SV02926,far,1
SV02927,medium,1
SV02928,medium,1
SV02929,far,1
SV02930,near,0
SV02931,near,1
SV02932,far,1
SV02933,medium,1
SV02934,near,1
SV02935,far,1
SV02936,near,1
SV02937,near,1
SV02938,medium,1
SV02939,far,1
SV02940,medium,1
SV02941,near,1
SV02942,medium,0
SV02943,medium,0
SV02944,medium,1
SV02945,medium,1
SV02946,medium,1
SV02947,medium,1
SV02948,near,1
SV02949,medium,0
SV02950,medium,1
SV02951,near,1
SV02952,medium,1
SV02953,medium,1
SV02954,medium,1
SV02955,near,0
SV02956,near,1
SV02957,far,1
SV02958,far,1
SV02959,near,0
SV02960,far,1
SV02961,medium,1
SV02962,near,1
SV02963,far,1
SV02964,near,1
SV02965,near,1
SV02966,medium,1
SV02967,near,1
SV02968,far,1
SV02969,far,1
SV02970,near,0
SV02971,near,0
SV02972,far,1
SV02973,medium,1
SV02974,medium,1
SV02975,near,0
SV02976,medium,1
SV02977,far,1
SV02978,far,1
SV02979,near,0
SV02980,medium,1
SV02981,near,0
SV02982,medium,1
SV02983,medium,1
SV02984,near,1
SV02985,medium,1
SV02986,medium,1
SV02987,near,1
SV02988,medium,0
SV02989,medium,1
SV02990,far,0
SV02991,medium,0
SV02992,medium,1
SV02993,far,1
SV02994,medium,0
SV02995,near,0
SV02996,near,0
SV02997,near,1
SV02998,medium,1
SV02999,medium,1
SV03000,near,1
SV03001,medium,1
SV03002,near,1
SV03003,medium,1
SV03004,medium,1
SV03005,far,1
SV03006,medium,1
SV03007,near,0
SV03008,near,1
SV03009,near,0
SV03010,medium,1
SV03011,near,0
SV03012,far,1
SV03013,near,0
SV03014,medium,0
SV03015,near,1
SV03016,near,1
SV03017,medium,1
SV03018,far,1
SV03019,medium,1
SV03020,near,0
SV03021,medium,1
SV03022,far,1
SV03023,near,0
SV03024,medium,1
SV03025,far,1
SV03026,far,1
SV03027,medium,1
SV03028,far,1
SV03029,near,1
SV03030,far,1
SV03031,medium,0
SV03032,far,1
SV03033,near,0
SV03034,near,1
SV03035,near,1
SV03036,far,1
SV03037,near,0
SV03038,medium,1
SV03039,medium,1
SV03040,near,0
SV03041,near,1
SV03042,medium,0
SV03043,near,0
SV03044,medium,1
SV03045,far,1
SV03046,far,0
SV03047,medium,1
SV03048,near,1
SV03049,medium,1
SV03050,medium,0
SV03051,medium,0
SV03052,medium,0
SV03053,near,0
SV03054,far,1
SV03055,near,1
SV03056,medium,1
SV03057,near,0
SV03058,near,0
SV03059,medium,0
SV03060,near,0
SV03061,near,0
SV03062,far,1
SV03063,far,0
SV03064,near,1
SV03065,far,1
SV03066,far,1
SV03067,far,1
SV03068,near,1
SV03069,near,0
SV03070,medium,1
SV03071,near,1
SV03072,medium,1
SV03073,medium,1
SV03074,medium,1
SV03075,far,1
SV03076,far,1
SV03077,medium,0
SV03078,medium,1
SV03079,medium,1
SV03080,near,1
SV03081,medium,1
SV03082,far,1
SV03083,far,1
SV03084,medium,1
SV03085,medium,1
SV03086,medium,1
SV03087,medium,1
SV03088,far,1
SV03089,far,1
SV03090,far,1
SV03091,medium,1
SV03092,near,1
SV03093,medium,1
SV03094,medium,1
SV03095,medium,1
SV03096,near,1
SV03097,far,1
SV03098,near,0
SV03099,near,1
SV03100,far,1
SV03101,medium,1
SV03102,near,1
SV03103,medium,1
SV03104,far,1
SV03105,near,1
SV03106,near,1
SV03107,medium,1
SV03108,medium,1
SV03109,far,1
SV03110,medium,1
SV03111,medium,1
SV03112,medium,1
SV03113,far,1
SV03114,near,1
SV03115,far,1
SV03116,far,1
SV03117,medium,1
SV03118,far,1
SV03119,medium,1
SV03120,medium,1
SV03121,far,1
SV03122,far,1
SV03123,medium,0
SV03124,near,1
SV03125,near,0
SV03126,medium,1
SV03127,medium,1
SV03128,medium,1
SV03129,near,1
SV03130,far,1
SV03131,far,1
SV03132,near,1
SV03133,medium,0
SV03134,near,1
SV03135,far,1
SV03136,near,1
SV03137,medium,1
SV03138,medium,1
SV03139,medium,1
SV03140,near,1
SV03141,medium,1
SV03142,near,1
SV03143,far,0
SV03144,near,0
SV03145,far,1
SV03146,far,1
SV03147,medium,1
SV03148,near,0
SV03149,near,0
SV03150,near,1
SV03151,medium,1
SV03152,medium,0
SV03153,far,1
SV03154,medium,1
SV03155,near,1
SV03156,medium,1
SV03157,medium,0
SV03158,far,1
SV03159,near,1
SV03160,far,1
SV03161,medium,1
SV03162,far,1
SV03163,far,1
SV03164,near,1
SV03165,far,1
SV03166,medium,1
SV03167,near,0
SV03168,near,0
SV03169,near,1
SV03170,far,1
SV03171,medium,1
SV03172,far,1
SV03173,far,1
SV03174,far,1
SV03175,medium,0
SV03176,far,0
SV03177,medium,1
SV03178,far,1
SV03179,near,1
SV03180,far,0
SV03181,far,1
SV03182,near,1
SV03183,far,1
SV03184,near,1
SV03185,near,0
SV03186,near,0
SV03187,near,0
SV03188,near,1
SV03189,near,1
SV03190,far,1
SV03191,far,1
SV03192,medium,1
SV03193,medium,1
SV03194,medium,0
SV03195,near,1
SV03196,medium,0
SV03197,near,0
SV03198,near,0
SV03199,medium,1
SV03200,far,1
SV03201,near,0
SV03202,far,1
SV03203,near,0
SV03204,far,1
SV03205,far,1
SV03206,near,0
SV03207,far,0
SV03208,medium,1
SV03209,far,1
SV03210,near,0
SV03211,medium,1
SV03212,far,1
SV03213,far,1
SV03214,far,1
SV03215,medium,1
SV03216,medium,1
SV03217,near,1
SV03218,medium,0
SV03219,near,1
SV03220,medium,1
SV03221,near,1
SV03222,near,1
SV03223,far,1
SV03224,near,1
SV03225,near,1
SV03226,near,1
SV03227,near,1
SV03228,medium,1
SV03229,medium,1
SV03230,medium,1
SV03231,near,1
SV03232,near,1
SV03233,near,0
SV03234,far,1
SV03235,medium,1
SV03236,near,0
SV03237,medium,1
SV03238,medium,1
SV03239,medium,1
SV03240,medium,1
SV03241,medium,1
SV03242,near,1
SV03243,near,1
SV03244,medium,1
SV03245,medium,0
SV03246,near,1
SV03247,far,1
SV03248,near,1
SV03249,medium,1
SV03250,far,1
SV03251,medium,1
SV03252,medium,1
SV03253,medium,1
SV03254,medium,0
SV03255,medium,1
SV03256,near,0
SV03257,near,1
SV03258,near,1
SV03259,medium,1
SV03260,near,0
SV03261,medium,1
SV03262,medium,1
SV03263,medium,0
SV03264,medium,1
SV03265,near,1
SV03266,far,1
SV03267,medium,1
SV03268,far,1
SV03269,medium,1
SV03270,far,1
SV03271,medium,1
SV03272,medium,1
SV03273,medium,1
SV03274,far,1
SV03275,medium,1
SV03276,far,1
SV03277,far,1
SV03278,medium,1
SV03279,medium,1
SV03280,near,0
SV03281,far,1
SV03282,medium,1
SV03283,medium,1
SV03284,medium,1
SV03285,near,0
SV03286,medium,1
SV03287,near,0
SV03288,near,1
SV03289,far,1
SV03290,medium,1
SV03291,far,1
SV03292,near,1
SV03293,near,1
SV03294,near,0
SV03295,medium,1
SV03296,medium,1
SV03297,near,0
SV03298,medium,1
SV03299,medium,1
SV03300,near,1
SV03301,far,1
SV03302,medium,1
SV03303,medium,1
SV03304,near,0
SV03305,near,0
SV03306,near,1
SV03307,near,0
SV03308,medium,0
SV03309,medium,1
SV03310,medium,1
SV03311,far,1
SV03312,medium,1
SV03313,far,1
SV03314,near,1
SV03315,near,1
SV03316,near,0
SV03317,medium,1
SV03318,far,1
SV03319,medium,1
SV03320,far,1
SV03321,medium,1
SV03322,far,1
SV03323,medium,1
SV03324,near,0
SV03325,near,0
SV03326,medium,1
SV03327,far,1
SV03328,medium,1
SV03329,near,0
SV03330,medium,1
SV03331,medium,1
SV03332,far,1
SV03333,far,1
SV03334,medium,0
SV03335,near,0
SV03336,far,0
SV03337,near,0
SV03338,medium,1
SV03339,near,0
SV03340,medium,1
SV03341,far,1
SV03342,far,0
SV03343,medium,0
SV03344,near,0
SV03345,far,1
SV03346,medium,1
SV03347,medium,1
SV03348,near,1
SV03349,near,1
SV03350,near,1
SV03351,medium,1
SV03352,near,1
SV03353,near,0
SV03354,medium,1
SV03355,near,0
SV03356,near,0
SV03357,medium,1
SV03358,near,0
SV03359,near,0
SV03360,medium,1
SV03361,near,1
SV03362,far,1
SV03363,medium,1
SV03364,far,1
SV03365,near,1
SV03366,far,1
SV03367,near,1
SV03368,near,0
SV03369,near,0
SV03370,near,0
SV03371,medium,0
SV03372,far,1
SV03373,medium,1
SV03374,near,1
SV03375,far,1
SV03376,far,1
SV03377,medium,1
SV03378,far,1
SV03379,medium,1
SV03380,far,1
SV03381,medium,0
SV03382,near,1
SV03383,medium,1
SV03384,medium,1
SV03385,near,0
SV03386,far,1
SV03387,medium,1
SV03388,near,0
SV03389,near,0
SV03390,near,1
SV03391,near,1
SV03392,near,1
SV03393,medium,1
SV03394,medium,1
SV03395,medium,1
SV03396,far,1
SV03397,far,1
SV03398,medium,0
SV03399,near,0
SV03400,near,1
SV03401,medium,1
SV03402,medium,1
SV03403,medium,1
SV03404,near,0
SV03405,far,1
SV03406,near,0
SV03407,near,1
SV03408,medium,1
SV03409,medium,1
SV03410,far,1
SV03411,near,1
SV03412,medium,1
SV03413,far,1
SV03414,medium,1
SV03415,far,1
SV03416,medium,1
SV03417,medium,1
SV03418,near,0
SV03419,near,0
SV03420,medium,1
SV03421,medium,1
SV03422,near,0
SV03423,medium,1
SV03424,near,0
SV03425,medium,1
SV03426,medium,1
SV03427,far,1
SV03428,far,1
SV03429,far,1
SV03430,far,1
SV03431,medium,1
SV03432,far,1
SV03433,near,1
SV03434,far,1
SV03435,medium,1
SV03436,near,1
SV03437,far,1
SV03438,medium,1
SV03439,medium,1
SV03440,far,1
SV03441,near,1
SV03442,near,0
SV03443,medium,1
SV03444,far,1
SV03445,far,0
SV03446,medium,0
SV03447,medium,1
SV03448,near,0
SV03449,near,1
SV03450,near,1
SV03451,near,1
SV03452,medium,1
SV03453,near,0
SV03454,near,0
SV03455,far,1
SV03456,medium,1
SV03457,far,1
SV03458,near,0
SV03459,medium,1
SV03460,medium,1
SV03461,medium,1
SV03462,near,0
SV03463,near,0
SV03464,far,1
SV03465,near,0
SV03466,near,1
SV03467,far,1
SV03468,far,1
SV03469,far,1
SV03470,near,1
SV03471,medium,1
SV03472,far,1
SV03473,near,1
SV03474,medium,1
SV03475,medium,1
SV03476,near,1
SV03477,near,0
SV03478,near,1
SV03479,far,1
SV03480,near,0
SV03481,near,0
SV03482,near,0
SV03483,medium,1
SV03484,near,1
SV03485,far,1
SV03486,far,1
SV03487,medium,1
SV03488,far,1
SV03489,near,0
SV03490,far,0
SV03491,far,0
SV03492,medium,1
SV03493,medium,1
SV03494,medium,1
SV03495,near,1
SV03496,medium,1
SV03497,near,1
SV03498,medium,1
SV03499,medium,1
SV03500,near,0
SV03501,medium,1
SV03502,near,0
SV03503,near,1
SV03504,near,0
SV03505,near,1
SV03506,medium,1
SV03507,far,1
SV03508,near,1
SV03509,medium,1
SV03510,medium,1
SV03511,near,0
SV03512,medium,0
SV03513,medium,0
SV03514,far,1
SV03515,medium,1
SV03516,far,0
SV03517,medium,1
SV03518,far,1
SV03519,medium,1
SV03520,near,0
SV03521,near,1
SV03522,near,1
SV03523,near,1
SV03524,near,0
SV03525,near,1
SV03526,near,1
SV03527,medium,1
SV03528,near,1
SV03529,medium,1
SV03530,medium,1
SV03531,far,1
SV03532,medium,1
SV03533,far,1
SV03534,near,1
SV03535,medium,1
SV03536,far,1
SV03537,medium,1
SV03538,medium,1
SV03539,far,1
SV03540,near,0
SV03541,medium,1
SV03542,medium,1
SV03543,near,1
SV03544,near,0
SV03545,medium,1
SV03546,far,1
SV03547,medium,1
SV03548,medium,1
SV03549,far,1
SV03550,near,0
SV03551,far,1
SV03552,far,1
SV03553,medium,1
SV03554,medium,1
SV03555,near,1
SV03556,medium,1
SV03557,medium,1
SV03558,far,1
SV03559,medium,1
SV03560,far,1
SV03561,medium,1
SV03562,near,1
SV03563,medium,1
SV03564,far,1
SV03565,medium,1
SV03566,far,1
SV03567,medium,1
SV03568,medium,1
SV03569,medium,1
SV03570,medium,1
SV03571,near,0
SV03572,far,1
SV03573,near,0
SV03574,medium,1
SV03575,medium,0
SV03576,near,1
SV03577,near,0
SV03578,medium,1
SV03579,far,1
SV03580,far,1
SV03581,medium,0
SV03582,far,1
SV03583,near,0
SV03584,medium,1
SV03585,medium,0
SV03586,near,1
SV03587,medium,1
SV03588,far,1
SV03589,medium,1
SV03590,near,1
SV03591,near,1
SV03592,medium,1
SV03593,medium,1
SV03594,medium,1
SV03595,medium,1
SV03596,far,1
SV03597,far,1
SV03598,far,1
SV03599,medium,1
SV03600,near,0
SV03601,near,1
SV03602,near,0
SV03603,medium,1
SV03604,near,1
SV03605,near,1
SV03606,far,1
SV03607,medium,1
SV03608,near,0
SV03609,far,1
SV03610,medium,1
SV03611,medium,1
SV03612,far,1
SV03613,near,1
SV03614,medium,1
SV03615,near,1
SV03616,near,1
SV03617,medium,1
SV03618,near,0
SV03619,far,1
SV03620,medium,1
SV03621,medium,0
SV03622,medium,1
SV03623,medium,1
SV03624,far,0
SV03625,far,1
SV03626,near,1
SV03627,near,1
SV03628,medium,0
SV03629,medium,1
SV03630,near,1
SV03631,medium,1
SV03632,far,1
SV03633,medium,1
SV03634,near,0
SV03635,near,1
SV03636,near,0
SV03637,medium,0
SV03638,near,0
SV03639,medium,1
SV03640,near,1
SV03641,medium,1
SV03642,far,1
SV03643,far,0
SV03644,medium,1
SV03645,medium,1
SV03646,far,1
SV03647,medium,1
SV03648,far,1
SV03649,medium,0
SV03650,far,1
SV03651,near,0
SV03652,medium,1
SV03653,medium,1
SV03654,near,1
SV03655,medium,1
SV03656,medium,0
SV03657,far,1
SV03658,near,1
SV03659,medium,0
SV03660,medium,1
SV03661,medium,1
SV03662,medium,1
SV03663,medium,1
SV03664,medium,1
SV03665,near,1
SV03666,medium,1
SV03667,medium,1
SV03668,medium,1
SV03669,medium,1
SV03670,medium,1
SV03671,far,1
SV03672,near,0
SV03673,near,1
SV03674,far,1
SV03675,near,0
SV03676,far,1
SV03677,medium,1
SV03678,medium,1
SV03679,near,0
SV03680,far,1
SV03681,medium,0
SV03682,medium,1
SV03683,near,1
SV03684,near,1
SV03685,medium,1
SV03686,far,1
SV03687,near,1
SV03688,near,1
SV03689,far,1
SV03690,medium,1
SV03691,medium,1
SV03692,far,1
SV03693,medium,1
SV03694,medium,1
SV03695,medium,1
SV03696,near,0
SV03697,far,1
SV03698,medium,1
SV03699,medium,0
SV03700,near,0
SV03701,near,1
SV03702,far,1
SV03703,medium,1
SV03704,near,0
SV03705,near,0
SV03706,medium,1
SV03707,near,1
SV03708,near,1
SV03709,near,1
SV03710,near,1
SV03711,near,1
SV03712,medium,0
SV03713,medium,1
SV03714,near,1
SV03715,medium,1
SV03716,medium,0
SV03717,near,0
SV03718,near,0
SV03719,far,1
SV03720,medium,0
SV03721,medium,0
SV03722,medium,1
SV03723,near,0
SV03724,medium,1
SV03725,near,0
SV03726,medium,0
SV03727,far,1
SV03728,medium,1
SV03729,near,1
SV03730,medium,1
SV03731,near,0
SV03732,far,1
SV03733,near,0
SV03734,near,0
SV03735,medium,1
SV03736,medium,1
SV03737,near,1
SV03738,far,1
SV03739,near,0
SV03740,far,1
SV03741,medium,1
SV03742,near,1
SV03743,near,0
SV03744,near,1
SV03745,medium,1
SV03746,near,1
SV03747,far,1
SV03748,far,1
SV03749,near,0
SV03750,medium,1
SV03751,near,1
SV03752,far,1
SV03753,medium,1
SV03754,near,1
SV03755,medium,1
SV03756,near,0
SV03757,near,1
SV03758,medium,1
SV03759,far,1
SV03760,near,1
SV03761,medium,1
SV03762,near,0
SV03763,far,1
SV03764,far,1
SV03765,near,0
SV03766,medium,0
SV03767,medium,1
SV03768,near,1
SV03769,near,1
SV03770,medium,1
SV03771,near,1
SV03772,near,1
SV03773,medium,0
SV03774,medium,1
SV03775,near,0
SV03776,near,1
SV03777,far,1
SV03778,far,1
SV03779,near,1
SV03780,near,0
SV03781,far,1
SV03782,medium,1
SV03783,near,1
SV03784,far,1
SV03785,near,0
SV03786,medium,1
SV03787,far,1
SV03788,far,0
SV03789,far,1
SV03790,near,1
SV03791,near,0
SV03792,far,1
SV03793,near,0
SV03794,medium,1
SV03795,medium,1
SV03796,far,1
SV03797,far,1
SV03798,medium,1
SV03799,far,1
SV03800,medium,1
SV03801,far,1
SV03802,medium,0
SV03803,near,1
SV03804,far,1
SV03805,far,1
SV03806,near,0
SV03807,far,1
SV03808,near,0
SV03809,near,1
SV03810,near,1
SV03811,far,1
SV03812,medium,1
SV03813,medium,1
SV03814,medium,1
SV03815,far,1
SV03816,near,1
SV03817,medium,1
SV03818,far,0
SV03819,far,1
SV03820,far,0
SV03821,near,0
SV03822,near,1
SV03823,far,1
SV03824,medium,1
SV03825,medium,1
SV03826,near,1
SV03827,near,0
SV03828,medium,1
SV03829,medium,1
SV03830,medium,1
SV03831,medium,1
SV03832,near,1
SV03833,medium,1
SV03834,medium,1
SV03835,medium,1
SV03836,medium,1
SV03837,medium,1
SV03838,far,1
SV03839,medium,1
SV03840,medium,1
SV03841,near,1
SV03842,near,0
SV03843,near,1
SV03844,near,1
SV03845,near,1
SV03846,medium,0
SV03847,near,1
SV03848,near,0
SV03849,far,1
SV03850,far,1
SV03851,medium,1
SV03852,medium,1
SV03853,near,0
SV03854,far,1
SV03855,medium,1
SV03856,medium,1
SV03857,medium,1
SV03858,near,0
SV03859,medium,1
SV03860,near,0
SV03861,medium,1
SV03862,near,0
SV03863,far,1
SV03864,far,1
SV03865,medium,0
SV03866,medium,1
SV03867,medium,1
SV03868,medium,1
SV03869,medium,1
SV03870,medium,1
SV03871,far,1
SV03872,medium,1
SV03873,far,1
SV03874,near,0
SV03875,far,1
SV03876,medium,0
SV03877,far,1
SV03878,near,1
SV03879,near,0
SV03880,far,1
SV03881,near,1
SV03882,medium,1
SV03883,medium,1
SV03884,far,1
SV03885,near,0
SV03886,far,1
SV03887,near,1
SV03888,far,1
SV03889,near,0
SV03890,medium,1
SV03891,far,1
SV03892,medium,1
SV03893,near,1
SV03894,far,1
SV03895,far,1
SV03896,medium,1
SV03897,far,1
SV03898,far,1
SV03899,far,1
SV03900,near,0
SV03901,far,1
SV03902,medium,0
SV03903,near,0
SV03904,far,1
SV03905,medium,1
SV03906,near,1
SV03907,far,1
SV03908,near,0
SV03909,near,0
SV03910,medium,1
SV03911,medium,1
SV03912,near,1
SV03913,far,1
SV03914,far,1
SV03915,near,0
SV03916,medium,1
SV03917,medium,1
SV03918,near,0
SV03919,near,0
SV03920,near,1
SV03921,near,0
SV03922,near,0
SV03923,medium,1
SV03924,near,0
SV03925,far,1
SV03926,far,1
SV03927,near,1
SV03928,far,1
SV03929,near,0
SV03930,near,1
SV03931,far,1
SV03932,medium,1
SV03933,far,1
SV03934,medium,1
SV03935,near,1
SV03936,near,0
SV03937,medium,1
SV03938,near,1
SV03939,medium,0
SV03940,near,1
SV03941,far,1
SV03942,near,0
SV03943,medium,1
SV03944,far,1
SV03945,far,1
SV03946,far,1
SV03947,far,1
SV03948,near,1
SV03949,medium,1
SV03950,medium,1
SV03951,far,1
SV03952,medium,0
SV03953,near,0
SV03954,far,1
SV03955,near,0
SV03956,medium,1
SV03957,medium,1
SV03958,near,0
SV03959,near,0
SV03960,near,0
SV03961,medium,1
SV03962,medium,1
SV03963,medium,1
SV03964,near,1
SV03965,medium,1
SV03966,far,1
SV03967,medium,1
SV03968,medium,1
SV03969,near,0
SV03970,far,1
SV03971,near,1
SV03972,medium,1
SV03973,far,1
SV03974,medium,1
SV03975,near,0
SV03976,near,0
SV03977,near,1
SV03978,medium,1
SV03979,medium,1
SV03980,far,1
SV03981,far,1
SV03982,medium,0
SV03983,far,1
SV03984,medium,1
SV03985,far,1
SV03986,far,1
SV03987,medium,1
SV03988,medium,1
SV03989,near,0
SV03990,medium,1
SV03991,far,1
SV03992,medium,1
SV03993,medium,1
SV03994,medium,0
SV03995,medium,1
SV03996,medium,0
SV03997,medium,1
SV03998,medium,1
SV03999,near,1
SV04000,medium,1
SV04001,medium,1
SV04002,medium,1
SV04003,medium,1
SV04004,medium,1
SV04005,far,1
SV04006,medium,1
SV04007,near,0
SV04008,medium,0
SV04009,near,1
SV04010,medium,1
SV04011,medium,0
SV04012,medium,1
SV04013,medium,1
SV04014,near,1
SV04015,far,1
SV04016,near,0
SV04017,far,1
SV04018,near,1
SV04019,medium,1
SV04020,medium,1
SV04021,near,1
SV04022,medium,1
SV04023,medium,1
SV04024,medium,1
SV04025,near,1
SV04026,near,1
SV04027,near,0
SV04028,medium,1
SV04029,medium,0
SV04030,near,0
SV04031,near,1
SV04032,far,1
SV04033,medium,1
SV04034,far,1
SV04035,near,1
SV04036,medium,1
SV04037,near,1
SV04038,medium,1
SV04039,near,1
SV04040,far,1
SV04041,near,1
SV04042,medium,1
SV04043,far,1
SV04044,far,1
SV04045,medium,1
SV04046,medium,1
SV04047,near,0
SV04048,medium,0
SV04049,far,1
SV04050,far,1
SV04051,far,1
SV04052,medium,1
SV04053,near,1
SV04054,medium,1
SV04055,medium,1
SV04056,near,0
SV04057,medium,1
SV04058,near,1
SV04059,medium,1
SV04060,far,1
SV04061,near,1
SV04062,near,0
SV04063,medium,1
SV04064,medium,1
SV04065,medium,1
SV04066,far,0
SV04067,medium,1
SV04068,near,1
SV04069,far,1
SV04070,medium,1
SV04071,medium,1
SV04072,near,1
SV04073,near,1
SV04074,near,0
SV04075,far,1
SV04076,near,0
SV04077,medium,1
SV04078,near,1
SV04079,near,0
SV04080,near,1
SV04081,medium,0
SV04082,medium,1
SV04083,far,1
SV04084,near,1
SV04085,far,1
SV04086,medium,0
SV04087,far,1
SV04088,medium,1
SV04089,near,0
SV04090,far,1
SV04091,medium,0
SV04092,far,1
SV04093,medium,1
SV04094,near,1
SV04095,far,1
SV04096,far,1
SV04097,far,1
SV04098,far,1
SV04099,near,0
SV04100,far,1
SV04101,far,0
SV04102,medium,0
SV04103,medium,1
SV04104,medium,0
SV04105,medium,1
SV04106,near,1
SV04107,near,1
SV04108,near,1
SV04109,medium,1
SV04110,medium,1
SV04111,far,1
SV04112,medium,0
SV04113,near,0
SV04114,far,1
SV04115,medium,1
SV04116,far,1
SV04117,near,0
SV04118,near,0
SV04119,far,1
SV04120,medium,1
SV04121,medium,1
SV04122,medium,1
SV04123,far,1
SV04124,near,1
SV04125,medium,1
SV04126,medium,1
SV04127,far,1
SV04128,medium,1
SV04129,medium,1
SV04130,medium,1
SV04131,far,1
SV04132,far,1
SV04133,near,0
SV04134,far,1
SV04135,medium,1
SV04136,near,0
SV04137,medium,1
SV04138,far,1
SV04139,far,1
SV04140,near,0
SV04141,medium,1
SV04142,medium,0
SV04143,medium,1
SV04144,near,1
SV04145,medium,1
SV04146,near,1
SV04147,near,1
SV04148,near,0
SV04149,near,1
SV04150,near,0
SV04151,near,0
SV04152,near,0
SV04153,far,1
SV04154,near,1
SV04155,near,0
SV04156,far,1
SV04157,far,1
SV04158,near,0
SV04159,medium,1
SV04160,far,1
SV04161,medium,0
SV04162,medium,1
SV04163,near,1
SV04164,medium,0
SV04165,near,0
SV04166,medium,1
SV04167,medium,0
SV04168,medium,1
SV04169,near,1
SV04170,far,1
SV04171,medium,1
SV04172,medium,0
SV04173,far,1
SV04174,medium,1
SV04175,medium,0
SV04176,near,0
SV04177,medium,1
SV04178,near,1
SV04179,medium,1
SV04180,near,0
SV04181,near,1
SV04182,near,1
SV04183,near,0
SV04184,medium,1
SV04185,far,1
SV04186,medium,1
SV04187,medium,1
SV04188,medium,1
SV04189,medium,1
SV04190,medium,1
SV04191,medium,1
SV04192,near,0
SV04193,medium,1
SV04194,near,0
SV04195,medium,1
SV04196,near,1
SV04197,near,0
SV04198,medium,1
SV04199,near,0
SV04200,far,1
SV04201,near,0
SV04202,near,0
SV04203,far,1
SV04204,medium,0
SV04205,medium,1
SV04206,near,1
SV04207,medium,1
SV04208,near,1
SV04209,near,0
SV04210,medium,1
SV04211,near,1
SV04212,near,1
SV04213,medium,1
SV04214,near,1
SV04215,medium,1
SV04216,medium,0
SV04217,near,0
SV04218,medium,1
SV04219,far,1
SV04220,medium,1
SV04221,far,0
SV04222,far,1
SV04223,near,1
SV04224,medium,1
SV04225,far,1
SV04226,near,1
SV04227,near,0
SV04228,medium,1
SV04229,far,1
SV04230,near,1
SV04231,far,1
SV04232,near,0
SV04233,near,1
SV04234,near,1
SV04235,near,1
SV04236,medium,1
SV04237,medium,1
SV04238,far,1
SV04239,near,1
SV04240,far,1
SV04241,medium,1
SV04242,near,0
SV04243,medium,0
SV04244,near,1
SV04245,far,1
SV04246,near,1
SV04247,medium,1
SV04248,far,1
SV04249,medium,1
SV04250,medium,1
SV04251,medium,1
SV04252,near,1
SV04253,medium,1
SV04254,near,1
SV04255,medium,1
SV04256,medium,1
SV04257,medium,1
SV04258,medium,1
SV04259,far,1
SV04260,near,1
SV04261,medium,1
SV04262,medium,1
SV04263,medium,1
SV04264,near,1
SV04265,near,0
SV04266,medium,1
SV04267,medium,1
SV04268,medium,1
SV04269,medium,1
SV04270,near,1
SV04271,medium,1
SV04272,medium,1
SV04273,medium,1
SV04274,near,0
SV04275,medium,1
SV04276,medium,1
SV04277,medium,1
SV04278,near,1
SV04279,far,1
SV04280,near,1
SV04281,near,1
SV04282,far,1
SV04283,medium,0
SV04284,far,1
SV04285,medium,1
SV04286,medium,1
SV04287,far,1
SV04288,medium,1
SV04289,near,1
SV04290,medium,1
SV04291,near,1
SV04292,near,0
SV04293,medium,1
SV04294,near,0
SV04295,far,1
SV04296,far,1
SV04297,medium,1
SV04298,near,1
SV04299,medium,1
SV04300,far,1
SV04301,medium,1
SV04302,medium,1
SV04303,far,1
SV04304,near,0
SV04305,medium,1
SV04306,medium,1
SV04307,near,1
SV04308,near,0
SV04309,near,0
SV04310,medium,0
SV04311,near,1
SV04312,medium,1
SV04313,far,1
SV04314,near,1
SV04315,near,1
SV04316,medium,1
SV04317,medium,1
SV04318,near,1
SV04319,near,0
SV04320,near,0
SV04321,medium,1
SV04322,medium,0
SV04323,near,1
SV04324,near,1
SV04325,near,1
SV04326,medium,1
SV04327,medium,0
SV04328,near,0
SV04329,far,1
SV04330,far,1
SV04331,far,1
SV04332,medium,1
SV04333,far,1
SV04334,far,1
SV04335,medium,1
SV04336,medium,1
SV04337,near,1
SV04338,far,1
SV04339,medium,0
SV04340,far,1
SV04341,medium,1
SV04342,medium,1
SV04343,near,0
SV04344,medium,0
SV04345,near,1
SV04346,near,0
SV04347,far,1
SV04348,medium,1
SV04349,medium,1
SV04350,near,1
SV04351,medium,0
SV04352,far,1
SV04353,medium,1
SV04354,medium,1
SV04355,far,1
SV04356,far,1
SV04357,near,0
SV04358,near,0
SV04359,near,0
SV04360,medium,1
SV04361,medium,1
SV04362,medium,0
SV04363,medium,1
SV04364,near,1
SV04365,far,1
SV04366,medium,1
SV04367,medium,0
SV04368,near,1
SV04369,far,1
SV04370,near,1
SV04371,far,1
SV04372,medium,0
SV04373,near,0
SV04374,near,0
SV04375,medium,0
SV04376,far,1
SV04377,medium,1
SV04378,far,1
SV04379,far,1
SV04380,near,0
SV04381,medium,1
SV04382,far,1
SV04383,medium,1
SV04384,near,0
SV04385,near,0
SV04386,medium,1
SV04387,medium,0
SV04388,medium,1
SV04389,medium,1
SV04390,near,1
SV04391,medium,1
SV04392,near,0
SV04393,medium,1
SV04394,near,1
SV04395,far,1
SV04396,near,1
SV04397,medium,1
SV04398,medium,1
SV04399,near,1
SV04400,far,1
SV04401,medium,0
SV04402,medium,1
SV04403,near,1
SV04404,medium,1
SV04405,far,1
SV04406,medium,1
SV04407,near,1
SV04408,near,0
SV04409,far,1
SV04410,far,1
SV04411,far,1
SV04412,near,0
SV04413,near,1
SV04414,near,0
SV04415,near,0
SV04416,near,1
SV04417,medium,1
SV04418,medium,1
SV04419,medium,1
SV04420,medium,0
SV04421,medium,1
SV04422,far,1
SV04423,medium,0
SV04424,near,1
SV04425,medium,1
SV04426,medium,1
SV04427,near,1
SV04428,near,1
SV04429,far,1
SV04430,far,1
SV04431,medium,1
SV04432,far,1
SV04433,medium,1
SV04434,near,1
SV04435,medium,1
SV04436,medium,1
SV04437,medium,1
SV04438,near,0
SV04439,far,1
SV04440,near,0
SV04441,medium,1
SV04442,medium,1
SV04443,far,1
SV04444,medium,1
SV04445,medium,1
SV04446,medium,1
SV04447,medium,0
SV04448,far,1
SV04449,far,1
SV04450,near,0
SV04451,far,1
SV04452,far,1
SV04453,medium,1
SV04454,near,0
SV04455,medium,1
SV04456,medium,1
SV04457,near,0
SV04458,far,1
SV04459,medium,1
SV04460,near,0
SV04461,near,0
SV04462,far,1
SV04463,medium,1
SV04464,near,1
SV04465,medium,1
SV04466,near,1
SV04467,medium,0
SV04468,medium,1
SV04469,medium,1
SV04470,far,1
SV04471,medium,1
SV04472,medium,1
SV04473,medium,1
SV04474,far,1
SV04475,far,1
SV04476,medium,1
SV04477,near,0
SV04478,far,1
SV04479,near,1
SV04480,medium,1
SV04481,far,1
SV04482,far,1
SV04483,near,1
SV04484,medium,1
SV04485,medium,1
SV04486,near,0
SV04487,far,1
SV04488,medium,1
SV04489,near,1
SV04490,far,1
SV04491,medium,1
SV04492,near,1
SV04493,far,1
SV04494,far,1
SV04495,far,1
SV04496,medium,1
SV04497,near,1
SV04498,far,1
SV04499,far,1
SV04500,medium,1
SV04501,medium,1
SV04502,medium,1
SV04503,far,1
SV04504,far,1
SV04505,medium,1
SV04506,near,0
SV04507,medium,1
SV04508,near,1
SV04509,far,1
SV04510,medium,1
SV04511,medium,1
SV04512,far,1
SV04513,far,1
SV04514,medium,1
SV04515,near,1
SV04516,near,1
SV04517,near,1
SV04518,medium,1
SV04519,far,1
SV04520,near,1
SV04521,near,1
SV04522,medium,1
SV04523,near,0
SV04524,far,1
SV04525,far,1
SV04526,near,0
SV04527,near,0
SV04528,medium,1
SV04529,medium,1
SV04530,far,1
SV04531,medium,1
SV04532,far,1
SV04533,near,0
SV04534,far,1
SV04535,near,0
SV04536,far,1
SV04537,far,1
SV04538,medium,1
SV04539,near,1
SV04540,medium,1
SV04541,far,1
SV04542,near,0
SV04543,near,1
SV04544,near,0
SV04545,near,0
SV04546,medium,1
SV04547,medium,1
SV04548,medium,1
SV04549,far,1
SV04550,medium,1
SV04551,medium,1
SV04552,medium,1
SV04553,medium,1
SV04554,medium,1
SV04555,medium,1
SV04556,far,0
SV04557,medium,1
SV04558,far,1
SV04559,medium,1
SV04560,medium,0
SV04561,near,0
SV04562,far,1
SV04563,far,1
SV04564,medium,1
SV04565,near,1
SV04566,far,1
SV04567,far,1
SV04568,medium,1
SV04569,near,1
SV04570,far,1
SV04571,near,0
SV04572,far,1
SV04573,far,1
SV04574,medium,1
SV04575,near,0
SV04576,far,0
SV04577,near,1
SV04578,medium,1
SV04579,near,0
SV04580,far,1
SV04581,medium,0
SV04582,medium,1
SV04583,medium,1
SV04584,medium,1
SV04585,medium,1
SV04586,medium,0
SV04587,medium,1
SV04588,medium,1
SV04589,near,1
SV04590,medium,1
SV04591,far,1
SV04592,medium,0
SV04593,near,0
SV04594,far,1
SV04595,far,1
SV04596,near,0
SV04597,far,1
SV04598,far,1
SV04599,far,1
SV04600,far,1
SV04601,near,0
SV04602,near,1
SV04603,near,1
SV04604,far,1
SV04605,near,0
SV04606,medium,1
SV04607,medium,1
SV04608,medium,0
SV04609,medium,1
SV04610,near,1
SV04611,medium,1
SV04612,medium,1
SV04613,near,0
SV04614,far,0
SV04615,far,1
SV04616,medium,0
SV04617,medium,1
SV04618,near,1
SV04619,medium,1
SV04620,far,1
