class_id,course_code,course_name,department,num_students,motorbike_ratio,dorm_ratio,sessions_per_week
LHP0001,NGH101,Nghien cuu thi truong,Marketing,47,0.88,0.09,1
LHP0002,KIN101,Kinh doanh quoc te,Kinh doanh quoc te,66,0.84,0.21,2
LHP0003,QUA101,Quan tri nhan luc,Quan tri kinh doanh,36,0.77,0.14,1
LHP0004,TIE101,Tieng Anh 2,Ngoai ngu,76,0.76,0.18,2
LHP0005,KIN101,Kinh te vi mo,Kinh te hoc,55,0.9,0.21,1
LHP0006,QUA102,Quan tri nhan luc,Quan tri kinh doanh,42,0.86,0.08,1
LHP0007,TIE102,Tieng Anh 2,Ngoai ngu,45,0.92,0.07,2
LHP0008,THO101,Thong ke kinh doanh,Thong ke,36,0.76,0.25,2
LHP0009,KE101,Ke toan tai chinh,Ke toan,78,0.92,0.08,1
LHP0010,KHO101,Khoi nghiep kinh doanh,Quan tri kinh doanh,55,0.93,0.08,1
LHP0011,TOA101,Toan cao cap 2,Toan kinh te,46,0.94,0.21,1
LHP0012,THO102,Thong ke kinh doanh,Thong ke,72,0.89,0.08,1
LHP0013,KIN102,Kinh te vi mo,Kinh te hoc,67,0.9,0.06,1
LHP0014,KIN103,Kinh te vi mo,Kinh te hoc,67,0.85,0.23,1
LHP0015,KIN104,Kinh te vi mo,Kinh te hoc,62,0.77,0.09,1
LHP0016,NGH102,Nghien cuu thi truong,Marketing,55,0.77,0.23,1
LHP0017,BAO101,Bao hiem dai cuong,Bao hiem,32,0.87,0.13,1
LHP0018,CHU101,Chu nghia xa hoi khoa hoc,Ly luan chinh tri,50,0.94,0.09,2
LHP0019,NGH103,Nghien cuu thi truong,Marketing,46,0.83,0.18,1
LHP0020,HE101,He thong thong tin quan ly,He thong thong tin quan ly,78,0.94,0.05,2
LHP0021,KIN102,Kinh doanh quoc te,Kinh doanh quoc te,36,0.76,0.09,1
LHP0022,LAP101,Lap trinh co ban,He thong thong tin quan ly,34,0.93,0.12,1
LHP0023,TU101,Tu tuong Ho Chi Minh,Ly luan chinh tri,75,0.81,0.25,2
LHP0024,CHU102,Chu nghia xa hoi khoa hoc,Ly luan chinh tri,30,0.88,0.16,2
LHP0025,KIE101,Kiem toan can ban,Ke toan,38,0.8,0.23,2
LHP0026,THI101,Thi truong chung khoan,Tai chinh - Ngan hang,47,0.81,0.09,1
LHP0027,QUA101,Quan tri thuong hieu,Marketing,62,0.85,0.23,2
LHP0028,KE102,Ke toan tai chinh,Ke toan,70,0.83,0.11,1
LHP0029,TIE101,Tien te ngan hang,Tai chinh - Ngan hang,70,0.95,0.08,1
LHP0030,TOI101,Toi uu hoa,Toan kinh te,65,0.75,0.07,2
LHP0031,THI102,Thi truong chung khoan,Tai chinh - Ngan hang,64,0.76,0.12,1
LHP0032,TOI102,Toi uu hoa,Toan kinh te,38,0.76,0.12,2
LHP0033,KIN105,Kinh te vi mo,Kinh te hoc,52,0.79,0.1,1
LHP0034,THO103,Thong ke kinh doanh,Thong ke,56,0.94,0.2,2
LHP0035,NGH104,Nghien cuu thi truong,Marketing,40,0.95,0.21,2
LHP0036,KIN106,Kinh te vi mo,Kinh te hoc,41,0.9,0.12,2
LHP0037,NGH105,Nghien cuu thi truong,Marketing,47,0.78,0.19,1
LHP0038,KIN107,Kinh te vi mo,Kinh te hoc,60,0.79,0.21,1
LHP0039,LUA101,Luat doanh nghiep,Luat,80,0.92,0.09,2
LHP0040,XAC101,Xac suat thong ke,Toan kinh te,51,0.81,0.06,2
LHP0041,LAP102,Lap trinh co ban,He thong thong tin quan ly,71,0.85,0.19,2
LHP0042,PHA101,Phan tich du lieu kinh doanh,He thong thong tin quan ly,31,0.77,0.24,1
LHP0043,QUA102,Quan tri thuong hieu,Marketing,32,0.77,0.14,2
LHP0044,HE102,He thong thong tin quan ly,He thong thong tin quan ly,57,0.87,0.15,1
LHP0045,KIN103,Kinh doanh quoc te,Kinh doanh quoc te,42,0.8,0.19,1
LHP0046,TU102,Tu tuong Ho Chi Minh,Ly luan chinh tri,73,0.89,0.2,2
LHP0047,TOA101,Toan cao cap 1,Toan kinh te,57,0.76,0.18,1
LHP0048,HE103,He thong thong tin quan ly,He thong thong tin quan ly,72,0.92,0.19,1
LHP0049,LUA102,Luat doanh nghiep,Luat,72,0.83,0.13,1
LHP0050,TIE102,Tien te ngan hang,Tai chinh - Ngan hang,42,0.83,0.24,2
LHP0051,QUA101,Quan tri chien luoc,Quan tri kinh doanh,69,0.86,0.13,2
LHP0052,LUA103,Luat doanh nghiep,Luat,48,0.79,0.21,2
LHP0053,HE104,He thong thong tin quan ly,He thong thong tin quan ly,59,0.84,0.19,1
LHP0054,QUA101,Quan tri hoc,Quan tri kinh doanh,72,0.77,0.15,2
LHP0055,PHA102,Phan tich du lieu kinh doanh,He thong thong tin quan ly,35,0.91,0.2,2
LHP0056,MAR101,Marketing can ban,Marketing,42,0.78,0.06,2
LHP0057,KIN101,Kinh te bat dong san,Bat dong san,79,0.76,0.13,2
LHP0058,QUA103,Quan tri nhan luc,Quan tri kinh doanh,75,0.89,0.15,1
LHP0059,KIN108,Kinh te vi mo,Kinh te hoc,78,0.92,0.23,2
LHP0060,MAR102,Marketing can ban,Marketing,41,0.91,0.19,1
LHP0061,THO104,Thong ke kinh doanh,Thong ke,45,0.93,0.07,1
LHP0062,TIE103,Tieng Anh 2,Ngoai ngu,72,0.86,0.16,1
LHP0063,TIE101,Tieng Anh 1,Ngoai ngu,69,0.91,0.23,1
LHP0064,THO105,Thong ke kinh doanh,Thong ke,58,0.93,0.2,1
LHP0065,QUA103,Quan tri thuong hieu,Marketing,78,0.8,0.18,2
LHP0066,CHU103,Chu nghia xa hoi khoa hoc,Ly luan chinh tri,61,0.88,0.1,1
LHP0067,LUA101,Luat kinh te,Luat,45,0.8,0.11,1
LHP0068,TIE103,Tien te ngan hang,Tai chinh - Ngan hang,39,0.8,0.19,2
LHP0069,NGU101,Nguyen ly ke toan,Ke toan,56,0.83,0.16,1
LHP0070,KHO102,Khoi nghiep kinh doanh,Quan tri kinh doanh,56,0.83,0.2,2
LHP0071,KIN109,Kinh te vi mo,Kinh te hoc,78,0.87,0.15,2
LHP0072,LUA104,Luat doanh nghiep,Luat,78,0.83,0.23,2
LHP0073,TU103,Tu tuong Ho Chi Minh,Ly luan chinh tri,77,0.9,0.21,2
LHP0074,TRI101,Triet hoc Mac-Lenin,Ly luan chinh tri,44,0.8,0.15,1
LHP0075,XAC102,Xac suat thong ke,Toan kinh te,76,0.78,0.14,1
LHP0076,KIN102,Kinh te bat dong san,Bat dong san,64,0.76,0.13,1
LHP0077,KIN110,Kinh te vi mo,Kinh te hoc,35,0.88,0.08,1
LHP0078,KIN111,Kinh te vi mo,Kinh te hoc,46,0.83,0.09,1
LHP0079,TOA102,Toan cao cap 2,Toan kinh te,47,0.9,0.22,1
LHP0080,KE103,Ke toan tai chinh,Ke toan,60,0.75,0.16,2
LHP0081,LAP103,Lap trinh co ban,He thong thong tin quan ly,44,0.88,0.21,2
LHP0082,KIN112,Kinh te vi mo,Kinh te hoc,45,0.79,0.05,1
LHP0083,TIE104,Tien te ngan hang,Tai chinh - Ngan hang,60,0.88,0.16,1
LHP0084,QUA104,Quan tri thuong hieu,Marketing,79,0.82,0.17,2
LHP0085,TAI101,Tai chinh doanh nghiep,Tai chinh - Ngan hang,79,0.91,0.24,1
LHP0086,KIN113,Kinh te vi mo,Kinh te hoc,49,0.87,0.23,1
LHP0087,QUA104,Quan tri nhan luc,Quan tri kinh doanh,34,0.87,0.22,1
LHP0088,LUA105,Luat doanh nghiep,Luat,73,0.87,0.07,2
LHP0089,KIN114,Kinh te vi mo,Kinh te hoc,52,0.86,0.18,1
LHP0090,PHA103,Phan tich du lieu kinh doanh,He thong thong tin quan ly,30,0.92,0.21,1
LHP0091,TOA102,Toan cao cap 1,Toan kinh te,70,0.93,0.14,1
LHP0092,QUA102,Quan tri chien luoc,Quan tri kinh doanh,76,0.85,0.18,2
LHP0093,TU104,Tu tuong Ho Chi Minh,Ly luan chinh tri,79,0.85,0.14,2
LHP0094,PHA101,Phap luat dai cuong,Luat,50,0.92,0.22,1
LHP0095,TIE102,Tieng Anh 1,Ngoai ngu,45,0.9,0.16,2
LHP0096,PHA104,Phan tich du lieu kinh doanh,He thong thong tin quan ly,31,0.85,0.12,1
LHP0097,LAP104,Lap trinh co ban,He thong thong tin quan ly,46,0.82,0.23,2
LHP0098,PHA102,Phap luat dai cuong,Luat,65,0.75,0.24,1
LHP0099,KIN101,Kinh te luong,Toan kinh te,61,0.86,0.1,1
LHP0100,TRI102,Triet hoc Mac-Lenin,Ly luan chinh tri,58,0.91,0.07,1
LHP0101,NGH106,Nghien cuu thi truong,Marketing,49,0.88,0.12,1
LHP0102,LAP105,Lap trinh co ban,He thong thong tin quan ly,57,0.95,0.16,1
LHP0103,TIE104,Tieng Anh 2,Ngoai ngu,47,0.81,0.1,2
LHP0104,HE105,He thong thong tin quan ly,He thong thong tin quan ly,37,0.9,0.24,2
LHP0105,QUA105,Quan tri nhan luc,Quan tri kinh doanh,43,0.9,0.11,1
LHP0106,CHU104,Chu nghia xa hoi khoa hoc,Ly luan chinh tri,68,0.81,0.07,1
LHP0107,MAR103,Marketing can ban,Marketing,53,0.79,0.05,1
LHP0108,PHA103,Phap luat dai cuong,Luat,32,0.94,0.16,2
LHP0109,TIE105,Tien te ngan hang,Tai chinh - Ngan hang,70,0.92,0.15,2
LHP0110,KIN104,Kinh doanh quoc te,Kinh doanh quoc te,48,0.84,0.14,1
LHP0111,KIN115,Kinh te vi mo,Kinh te hoc,46,0.94,0.15,2
LHP0112,XAC103,Xac suat thong ke,Toan kinh te,61,0.76,0.18,1
LHP0113,THI103,Thi truong chung khoan,Tai chinh - Ngan hang,66,0.94,0.07,1
LHP0114,THO106,Thong ke kinh doanh,Thong ke,78,0.83,0.17,2
LHP0115,CHU105,Chu nghia xa hoi khoa hoc,Ly luan chinh tri,54,0.84,0.14,2
LHP0116,TOI103,Toi uu hoa,Toan kinh te,49,0.86,0.06,2
LHP0117,KIE102,Kiem toan can ban,Ke toan,78,0.79,0.09,2
LHP0118,QUA102,Quan tri hoc,Quan tri kinh doanh,45,0.78,0.07,1
LHP0119,TIE103,Tieng Anh 1,Ngoai ngu,74,0.87,0.11,1
LHP0120,LUA102,Luat kinh te,Luat,74,0.92,0.06,1
LHP0121,QUA105,Quan tri thuong hieu,Marketing,80,0.91,0.17,2
LHP0122,QUA106,Quan tri nhan luc,Quan tri kinh doanh,57,0.77,0.09,1
LHP0123,PHA104,Phap luat dai cuong,Luat,39,0.76,0.08,1
LHP0124,KIN105,Kinh doanh quoc te,Kinh doanh quoc te,48,0.84,0.14,1
LHP0125,XAC104,Xac suat thong ke,Toan kinh te,47,0.85,0.15,1
LHP0126,KIN116,Kinh te vi mo,Kinh te hoc,57,0.9,0.17,1
LHP0127,MAR104,Marketing can ban,Marketing,73,0.92,0.17,2
LHP0128,PHA105,Phap luat dai cuong,Luat,66,0.76,0.2,1
LHP0129,TIE104,Tieng Anh 1,Ngoai ngu,47,0.79,0.17,2
LHP0130,TRI103,Triet hoc Mac-Lenin,Ly luan chinh tri,35,0.84,0.13,1
LHP0131,KIE103,Kiem toan can ban,Ke toan,40,0.82,0.19,1
LHP0132,XAC105,Xac suat thong ke,Toan kinh te,78,0.86,0.14,1
LHP0133,HE106,He thong thong tin quan ly,He thong thong tin quan ly,37,0.94,0.13,1
LHP0134,KIN117,Kinh te vi mo,Kinh te hoc,72,0.92,0.14,1
LHP0135,CHU106,Chu nghia xa hoi khoa hoc,Ly luan chinh tri,53,0.87,0.15,1
LHP0136,KIN118,Kinh te vi mo,Kinh te hoc,43,0.8,0.08,1
LHP0137,TRI104,Triet hoc Mac-Lenin,Ly luan chinh tri,37,0.76,0.18,2
LHP0138,QUA103,Quan tri hoc,Quan tri kinh doanh,49,0.86,0.16,1
LHP0139,TAI102,Tai chinh doanh nghiep,Tai chinh - Ngan hang,59,0.94,0.18,1
LHP0140,LUA103,Luat kinh te,Luat,62,0.89,0.13,1
LHP0141,TIE101,Tieng Anh chuyen nganh,Ngoai ngu,45,0.84,0.08,1
LHP0142,BAO102,Bao hiem dai cuong,Bao hiem,62,0.9,0.08,1
LHP0143,KIN102,Kinh te luong,Toan kinh te,51,0.94,0.15,2
LHP0144,LUA104,Luat kinh te,Luat,76,0.81,0.17,2
LHP0145,TRI105,Triet hoc Mac-Lenin,Ly luan chinh tri,39,0.84,0.15,1
LHP0146,TU105,Tu tuong Ho Chi Minh,Ly luan chinh tri,54,0.84,0.11,1
LHP0147,NGH107,Nghien cuu thi truong,Marketing,66,0.83,0.22,1
LHP0148,HE107,He thong thong tin quan ly,He thong thong tin quan ly,77,0.84,0.23,1
LHP0149,THI104,Thi truong chung khoan,Tai chinh - Ngan hang,61,0.94,0.08,2
LHP0150,PHA105,Phan tich du lieu kinh doanh,He thong thong tin quan ly,36,0.92,0.14,1
LHP0151,TIE105,Tieng Anh 2,Ngoai ngu,30,0.89,0.13,2
LHP0152,THI105,Thi truong chung khoan,Tai chinh - Ngan hang,34,0.84,0.24,1
LHP0153,XAC106,Xac suat thong ke,Toan kinh te,71,0.77,0.12,2
LHP0154,TU106,Tu tuong Ho Chi Minh,Ly luan chinh tri,54,0.94,0.18,2
LHP0155,TRI106,Triet hoc Mac-Lenin,Ly luan chinh tri,64,0.76,0.06,2
LHP0156,LUA105,Luat kinh te,Luat,44,0.9,0.14,1
LHP0157,KIE104,Kiem toan can ban,Ke toan,58,0.78,0.11,1
LHP0158,HE108,He thong thong tin quan ly,He thong thong tin quan ly,80,0.76,0.12,1
LHP0159,NGH108,Nghien cuu thi truong,Marketing,63,0.83,0.19,1
LHP0160,QUA103,Quan tri chien luoc,Quan tri kinh doanh,35,0.87,0.13,2
LHP0161,TRI107,Triet hoc Mac-Lenin,Ly luan chinh tri,67,0.78,0.14,1
LHP0162,QUA106,Quan tri thuong hieu,Marketing,72,0.75,0.21,2
LHP0163,TU107,Tu tuong Ho Chi Minh,Ly luan chinh tri,40,0.76,0.24,2
LHP0164,LUA106,Luat doanh nghiep,Luat,70,0.94,0.19,1
LHP0165,LUA107,Luat doanh nghiep,Luat,42,0.95,0.22,1
LHP0166,TOA103,Toan cao cap 2,Toan kinh te,66,0.82,0.11,2
LHP0167,KIN119,Kinh te vi mo,Kinh te hoc,72,0.83,0.05,2
LHP0168,KIN120,Kinh te vi mo,Kinh te hoc,68,0.9,0.22,2
LHP0169,MAR105,Marketing can ban,Marketing,68,0.91,0.09,1
LHP0170,QUA107,Quan tri thuong hieu,Marketing,73,0.9,0.2,2
LHP0171,TIE106,Tien te ngan hang,Tai chinh - Ngan hang,70,0.77,0.18,1
LHP0172,TIE105,Tieng Anh 1,Ngoai ngu,32,0.87,0.2,1
LHP0173,LUA106,Luat kinh te,Luat,50,0.9,0.09,1
LHP0174,TU108,Tu tuong Ho Chi Minh,Ly luan chinh tri,53,0.86,0.23,2
LHP0175,QUA108,Quan tri thuong hieu,Marketing,60,0.94,0.11,2
LHP0176,TAI103,Tai chinh doanh nghiep,Tai chinh - Ngan hang,59,0.94,0.08,2
LHP0177,XAC107,Xac suat thong ke,Toan kinh te,65,0.82,0.21,1
LHP0178,TU109,Tu tuong Ho Chi Minh,Ly luan chinh tri,37,0.84,0.18,2
LHP0179,LOG101,Logistics va chuoi cung ung,Kinh doanh quoc te,54,0.91,0.24,1
LHP0180,MAR106,Marketing can ban,Marketing,60,0.76,0.23,1
LHP0181,KIN103,Kinh te bat dong san,Bat dong san,44,0.88,0.18,1
LHP0182,LUA108,Luat doanh nghiep,Luat,71,0.83,0.08,2
LHP0183,LUA109,Luat doanh nghiep,Luat,61,0.77,0.1,1
LHP0184,TOA104,Toan cao cap 2,Toan kinh te,59,0.82,0.24,2
LHP0185,TU110,Tu tuong Ho Chi Minh,Ly luan chinh tri,56,0.87,0.2,2
LHP0186,KIE105,Kiem toan can ban,Ke toan,61,0.87,0.24,1
LHP0187,TOA103,Toan cao cap 1,Toan kinh te,43,0.84,0.24,2
LHP0188,KIE106,Kiem toan can ban,Ke toan,73,0.82,0.23,2
LHP0189,KIN121,Kinh te vi mo,Kinh te hoc,55,0.81,0.24,2
LHP0190,TIE106,Tieng Anh 2,Ngoai ngu,35,0.88,0.18,1
LHP0191,KIN122,Kinh te vi mo,Kinh te hoc,33,0.91,0.1,1
LHP0192,KIN106,Kinh doanh quoc te,Kinh doanh quoc te,43,0.76,0.2,1
LHP0193,KHO103,Khoi nghiep kinh doanh,Quan tri kinh doanh,44,0.82,0.08,2
LHP0194,KIN123,Kinh te vi mo,Kinh te hoc,47,0.92,0.08,1
LHP0195,QUA109,Quan tri thuong hieu,Marketing,41,0.77,0.22,1
LHP0196,LAP106,Lap trinh co ban,He thong thong tin quan ly,80,0.91,0.17,1
LHP0197,QUA110,Quan tri thuong hieu,Marketing,33,0.78,0.13,1
LHP0198,NGU102,Nguyen ly ke toan,Ke toan,60,0.84,0.12,1
LHP0199,TIE106,Tieng Anh 1,Ngoai ngu,62,0.79,0.17,2
LHP0200,CHU107,Chu nghia xa hoi khoa hoc,Ly luan chinh tri,49,0.84,0.24,1
LHP0201,TIE102,Tieng Anh chuyen nganh,Ngoai ngu,55,0.84,0.07,2
LHP0202,TIE107,Tieng Anh 1,Ngoai ngu,34,0.93,0.11,1
LHP0203,TIE107,Tien te ngan hang,Tai chinh - Ngan hang,47,0.87,0.17,2
LHP0204,TOA105,Toan cao cap 2,Toan kinh te,68,0.86,0.14,2
LHP0205,KIE107,Kiem toan can ban,Ke toan,80,0.89,0.22,2
LHP0206,THO107,Thong ke kinh doanh,Thong ke,76,0.92,0.14,2
LHP0207,KIN103,Kinh te luong,Toan kinh te,51,0.92,0.13,2
LHP0208,HE109,He thong thong tin quan ly,He thong thong tin quan ly,57,0.81,0.1,2
LHP0209,TIE103,Tieng Anh chuyen nganh,Ngoai ngu,34,0.77,0.07,1
LHP0210,TOA104,Toan cao cap 1,Toan kinh te,38,0.86,0.17,1
LHP0211,PHA106,Phan tich du lieu kinh doanh,He thong thong tin quan ly,72,0.77,0.12,2
LHP0212,TOI104,Toi uu hoa,Toan kinh te,76,0.76,0.11,1
LHP0213,KIE108,Kiem toan can ban,Ke toan,66,0.85,0.08,1
LHP0214,KIE109,Kiem toan can ban,Ke toan,52,0.92,0.12,2
LHP0215,KIN107,Kinh doanh quoc te,Kinh doanh quoc te,44,0.91,0.22,2
LHP0216,KIN104,Kinh te bat dong san,Bat dong san,69,0.88,0.16,2
LHP0217,PHA106,Phap luat dai cuong,Luat,31,0.79,0.19,1
LHP0218,PHA107,Phan tich du lieu kinh doanh,He thong thong tin quan ly,52,0.75,0.22,1
LHP0219,XAC108,Xac suat thong ke,Toan kinh te,34,0.78,0.18,1
LHP0220,CHU108,Chu nghia xa hoi khoa hoc,Ly luan chinh tri,43,0.83,0.14,1
LHP0221,LUA110,Luat doanh nghiep,Luat,76,0.81,0.24,1
LHP0222,KIN124,Kinh te vi mo,Kinh te hoc,39,0.78,0.17,2
LHP0223,PHA107,Phap luat dai cuong,Luat,58,0.88,0.15,1
LHP0224,PHA108,Phap luat dai cuong,Luat,43,0.9,0.07,1
LHP0225,LUA107,Luat kinh te,Luat,73,0.89,0.15,2
LHP0226,KIN125,Kinh te vi mo,Kinh te hoc,44,0.83,0.17,1
LHP0227,LUA111,Luat doanh nghiep,Luat,43,0.9,0.2,1
LHP0228,TAI104,Tai chinh doanh nghiep,Tai chinh - Ngan hang,30,0.85,0.14,1
LHP0229,TU111,Tu tuong Ho Chi Minh,Ly luan chinh tri,75,0.8,0.16,2
LHP0230,LAP107,Lap trinh co ban,He thong thong tin quan ly,34,0.83,0.2,1
LHP0231,TIE107,Tieng Anh 2,Ngoai ngu,34,0.92,0.17,1
LHP0232,KIN104,Kinh te luong,Toan kinh te,48,0.77,0.05,1
LHP0233,KIN105,Kinh te bat dong san,Bat dong san,59,0.92,0.23,1
LHP0234,KIE110,Kiem toan can ban,Ke toan,45,0.84,0.13,1
LHP0235,LUA112,Luat doanh nghiep,Luat,77,0.82,0.12,1
LHP0236,KIN101,Kinh te chinh tri,Ly luan chinh tri,70,0.77,0.15,2
LHP0237,LAP108,Lap trinh co ban,He thong thong tin quan ly,52,0.9,0.21,2
LHP0238,NGH109,Nghien cuu thi truong,Marketing,36,0.78,0.09,2
LHP0239,NGU103,Nguyen ly ke toan,Ke toan,41,0.94,0.18,1
LHP0240,KIN108,Kinh doanh quoc te,Kinh doanh quoc te,78,0.87,0.19,2
LHP0241,KIN106,Kinh te bat dong san,Bat dong san,50,0.92,0.18,1
LHP0242,NGU104,Nguyen ly ke toan,Ke toan,60,0.84,0.11,1
LHP0243,KIN126,Kinh te vi mo,Kinh te hoc,52,0.85,0.11,1
LHP0244,KIN127,Kinh te vi mo,Kinh te hoc,53,0.92,0.07,2
LHP0245,KE104,Ke toan tai chinh,Ke toan,69,0.87,0.13,1
LHP0246,KIN128,Kinh te vi mo,Kinh te hoc,58,0.93,0.16,1
LHP0247,BAO103,Bao hiem dai cuong,Bao hiem,60,0.85,0.24,1
LHP0248,PHA108,Phan tich du lieu kinh doanh,He thong thong tin quan ly,75,0.77,0.18,1
LHP0249,TIE108,Tieng Anh 1,Ngoai ngu,58,0.85,0.17,1
LHP0250,LUA108,Luat kinh te,Luat,54,0.83,0.12,1
LHP0251,PHA109,Phan tich du lieu kinh doanh,He thong thong tin quan ly,34,0.82,0.16,1
LHP0252,QUA111,Quan tri thuong hieu,Marketing,76,0.92,0.24,2
LHP0253,THI106,Thi truong chung khoan,Tai chinh - Ngan hang,51,0.77,0.18,2
LHP0254,LUA113,Luat doanh nghiep,Luat,71,0.89,0.13,1
LHP0255,KE105,Ke toan tai chinh,Ke toan,49,0.86,0.18,1
LHP0256,TIE108,Tien te ngan hang,Tai chinh - Ngan hang,72,0.89,0.24,2
LHP0257,CHU109,Chu nghia xa hoi khoa hoc,Ly luan chinh tri,35,0.88,0.13,1
LHP0258,TOA105,Toan cao cap 1,Toan kinh te,49,0.79,0.09,2
LHP0259,TRI108,Triet hoc Mac-Lenin,Ly luan chinh tri,42,0.8,0.08,1
LHP0260,KIE111,Kiem toan can ban,Ke toan,62,0.9,0.22,2
LHP0261,KIN129,Kinh te vi mo,Kinh te hoc,72,0.82,0.2,1
LHP0262,TOA106,Toan cao cap 2,Toan kinh te,39,0.78,0.22,2
LHP0263,QUA104,Quan tri hoc,Quan tri kinh doanh,76,0.84,0.13,2
LHP0264,NGH110,Nghien cuu thi truong,Marketing,58,0.87,0.2,2
LHP0265,MAR107,Marketing can ban,Marketing,64,0.8,0.24,2
LHP0266,QUA107,Quan tri nhan luc,Quan tri kinh doanh,53,0.89,0.16,1
LHP0267,LUA109,Luat kinh te,Luat,79,0.83,0.16,2
LHP0268,QUA108,Quan tri nhan luc,Quan tri kinh doanh,68,0.78,0.1,2
LHP0269,TOA106,Toan cao cap 1,Toan kinh te,65,0.94,0.19,1
LHP0270,TAI105,Tai chinh doanh nghiep,Tai chinh - Ngan hang,48,0.77,0.08,1
LHP0271,KIN102,Kinh te chinh tri,Ly luan chinh tri,39,0.92,0.07,2
LHP0272,TIE109,Tieng Anh 1,Ngoai ngu,52,0.94,0.13,1
LHP0273,TOA107,Toan cao cap 1,Toan kinh te,45,0.83,0.07,1
LHP0274,HE110,He thong thong tin quan ly,He thong thong tin quan ly,36,0.92,0.18,2
LHP0275,TIE109,Tien te ngan hang,Tai chinh - Ngan hang,32,0.81,0.22,2
LHP0276,TIE110,Tien te ngan hang,Tai chinh - Ngan hang,78,0.89,0.14,1
LHP0277,KE106,Ke toan tai chinh,Ke toan,31,0.8,0.22,1
LHP0278,BAO104,Bao hiem dai cuong,Bao hiem,63,0.83,0.21,1
LHP0279,TAI106,Tai chinh doanh nghiep,Tai chinh - Ngan hang,33,0.8,0.18,2
LHP0280,NGU105,Nguyen ly ke toan,Ke toan,37,0.92,0.15,1
LHP0281,KIN103,Kinh te chinh tri,Ly luan chinh tri,66,0.8,0.08,1
LHP0282,KIN107,Kinh te bat dong san,Bat dong san,52,0.8,0.13,2
LHP0283,KE107,Ke toan tai chinh,Ke toan,63,0.94,0.06,1
LHP0284,KIN104,Kinh te chinh tri,Ly luan chinh tri,80,0.95,0.16,1
LHP0285,TIE104,Tieng Anh chuyen nganh,Ngoai ngu,32,0.88,0.25,1
LHP0286,KIN130,Kinh te vi mo,Kinh te hoc,52,0.91,0.12,2
LHP0287,KIE112,Kiem toan can ban,Ke toan,79,0.87,0.2,1
LHP0288,LAP109,Lap trinh co ban,He thong thong tin quan ly,64,0.82,0.18,2
LHP0289,TIE108,Tieng Anh 2,Ngoai ngu,74,0.85,0.09,1
LHP0290,TIE109,Tieng Anh 2,Ngoai ngu,32,0.81,0.06,1
LHP0291,KIN131,Kinh te vi mo,Kinh te hoc,50,0.94,0.15,2
LHP0292,TU112,Tu tuong Ho Chi Minh,Ly luan chinh tri,60,0.8,0.2,1
LHP0293,LAP110,Lap trinh co ban,He thong thong tin quan ly,79,0.76,0.18,1
LHP0294,TOA108,Toan cao cap 1,Toan kinh te,57,0.93,0.2,2
LHP0295,TOA107,Toan cao cap 2,Toan kinh te,51,0.94,0.15,1
LHP0296,CHU110,Chu nghia xa hoi khoa hoc,Ly luan chinh tri,47,0.91,0.2,1
LHP0297,BAO105,Bao hiem dai cuong,Bao hiem,41,0.86,0.11,1
LHP0298,LUA110,Luat kinh te,Luat,49,0.84,0.19,1
LHP0299,TIE110,Tieng Anh 1,Ngoai ngu,52,0.84,0.2,2
LHP0300,KIN108,Kinh te bat dong san,Bat dong san,57,0.8,0.25,2
LHP0301,NGU106,Nguyen ly ke toan,Ke toan,72,0.88,0.12,2
LHP0302,QUA105,Quan tri hoc,Quan tri kinh doanh,31,0.78,0.17,2
LHP0303,KIN132,Kinh te vi mo,Kinh te hoc,38,0.76,0.21,1
LHP0304,TOA108,Toan cao cap 2,Toan kinh te,66,0.76,0.08,1
LHP0305,TOA109,Toan cao cap 1,Toan kinh te,53,0.84,0.07,1
LHP0306,TOA110,Toan cao cap 1,Toan kinh te,55,0.81,0.11,2
LHP0307,KIN133,Kinh te vi mo,Kinh te hoc,77,0.79,0.15,2
LHP0308,TAI107,Tai chinh doanh nghiep,Tai chinh - Ngan hang,46,0.9,0.19,1
LHP0309,KIN109,Kinh te bat dong san,Bat dong san,48,0.89,0.25,1
LHP0310,TIE111,Tien te ngan hang,Tai chinh - Ngan hang,34,0.84,0.23,1
LHP0311,KE108,Ke toan tai chinh,Ke toan,73,0.94,0.25,2
LHP0312,NGU107,Nguyen ly ke toan,Ke toan,65,0.86,0.23,2
LHP0313,QUA104,Quan tri chien luoc,Quan tri kinh doanh,80,0.82,0.09,2
LHP0314,TIE112,Tien te ngan hang,Tai chinh - Ngan hang,45,0.91,0.06,1
LHP0315,TOA111,Toan cao cap 1,Toan kinh te,59,0.91,0.16,2
LHP0316,KE109,Ke toan tai chinh,Ke toan,34,0.81,0.25,2
LHP0317,CHU111,Chu nghia xa hoi khoa hoc,Ly luan chinh tri,56,0.9,0.21,1
LHP0318,HE111,He thong thong tin quan ly,He thong thong tin quan ly,71,0.76,0.14,1
LHP0319,TIE113,Tien te ngan hang,Tai chinh - Ngan hang,79,0.86,0.17,2
LHP0320,TIE114,Tien te ngan hang,Tai chinh - Ngan hang,57,0.85,0.22,2
LHP0321,CHU112,Chu nghia xa hoi khoa hoc,Ly luan chinh tri,39,0.81,0.08,2
LHP0322,MAR108,Marketing can ban,Marketing,52,0.94,0.15,1
LHP0323,KE110,Ke toan tai chinh,Ke toan,46,0.79,0.24,1
LHP0324,LUA114,Luat doanh nghiep,Luat,69,0.86,0.15,1
LHP0325,LOG102,Logistics va chuoi cung ung,Kinh doanh quoc te,39,0.78,0.17,2
LHP0326,PHA110,Phan tich du lieu kinh doanh,He thong thong tin quan ly,66,0.76,0.22,1
LHP0327,KIN109,Kinh doanh quoc te,Kinh doanh quoc te,46,0.88,0.2,1
LHP0328,KIN134,Kinh te vi mo,Kinh te hoc,61,0.93,0.16,2
LHP0329,LUA115,Luat doanh nghiep,Luat,60,0.8,0.21,1
LHP0330,TIE110,Tieng Anh 2,Ngoai ngu,34,0.89,0.08,1
LHP0331,TIE111,Tieng Anh 2,Ngoai ngu,43,0.82,0.08,2
LHP0332,HE112,He thong thong tin quan ly,He thong thong tin quan ly,76,0.95,0.12,1
LHP0333,TOA112,Toan cao cap 1,Toan kinh te,62,0.86,0.11,1
LHP0334,PHA109,Phap luat dai cuong,Luat,58,0.8,0.07,1
LHP0335,TOA109,Toan cao cap 2,Toan kinh te,69,0.83,0.24,2
LHP0336,HE113,He thong thong tin quan ly,He thong thong tin quan ly,66,0.89,0.09,1
LHP0337,KIN105,Kinh te chinh tri,Ly luan chinh tri,59,0.85,0.11,1
LHP0338,XAC109,Xac suat thong ke,Toan kinh te,62,0.84,0.1,1
LHP0339,KIN135,Kinh te vi mo,Kinh te hoc,33,0.81,0.17,2
LHP0340,TIE105,Tieng Anh chuyen nganh,Ngoai ngu,48,0.86,0.22,1
LHP0341,QUA112,Quan tri thuong hieu,Marketing,76,0.82,0.13,1
LHP0342,KIN136,Kinh te vi mo,Kinh te hoc,66,0.86,0.12,1
LHP0343,TOA110,Toan cao cap 2,Toan kinh te,62,0.84,0.16,2
LHP0344,KIN110,Kinh te bat dong san,Bat dong san,73,0.87,0.08,1
LHP0345,TOA113,Toan cao cap 1,Toan kinh te,80,0.95,0.16,1
LHP0346,THI107,Thi truong chung khoan,Tai chinh - Ngan hang,42,0.87,0.13,1
LHP0347,KIN137,Kinh te vi mo,Kinh te hoc,38,0.89,0.21,1
LHP0348,THI108,Thi truong chung khoan,Tai chinh - Ngan hang,68,0.93,0.08,2
LHP0349,HE114,He thong thong tin quan ly,He thong thong tin quan ly,40,0.83,0.17,2
LHP0350,LOG103,Logistics va chuoi cung ung,Kinh doanh quoc te,51,0.85,0.15,1
LHP0351,KIN110,Kinh doanh quoc te,Kinh doanh quoc te,49,0.84,0.05,1
LHP0352,TAI108,Tai chinh doanh nghiep,Tai chinh - Ngan hang,56,0.87,0.21,2
LHP0353,KIN138,Kinh te vi mo,Kinh te hoc,68,0.84,0.24,2
LHP0354,LOG104,Logistics va chuoi cung ung,Kinh doanh quoc te,66,0.8,0.06,1
LHP0355,CHU113,Chu nghia xa hoi khoa hoc,Ly luan chinh tri,70,0.89,0.2,1
LHP0356,NGH111,Nghien cuu thi truong,Marketing,32,0.86,0.19,1
LHP0357,TIE111,Tieng Anh 1,Ngoai ngu,50,0.83,0.13,1
LHP0358,KIN106,Kinh te chinh tri,Ly luan chinh tri,79,0.87,0.14,2
LHP0359,KIN139,Kinh te vi mo,Kinh te hoc,75,0.78,0.09,1
LHP0360,TIE106,Tieng Anh chuyen nganh,Ngoai ngu,63,0.83,0.24,1
LHP0361,TU113,Tu tuong Ho Chi Minh,Ly luan chinh tri,51,0.86,0.19,2
LHP0362,QUA113,Quan tri thuong hieu,Marketing,69,0.85,0.24,1
LHP0363,LUA116,Luat doanh nghiep,Luat,44,0.94,0.25,2
LHP0364,KHO104,Khoi nghiep kinh doanh,Quan tri kinh doanh,74,0.89,0.11,1
LHP0365,PHA110,Phap luat dai cuong,Luat,48,0.77,0.19,1
LHP0366,XAC110,Xac suat thong ke,Toan kinh te,52,0.94,0.21,1
LHP0367,LUA111,Luat kinh te,Luat,75,0.77,0.23,2
LHP0368,TIE107,Tieng Anh chuyen nganh,Ngoai ngu,43,0.79,0.16,2
LHP0369,PHA111,Phap luat dai cuong,Luat,38,0.77,0.2,1
LHP0370,KIN140,Kinh te vi mo,Kinh te hoc,72,0.93,0.1,1
LHP0371,KIE113,Kiem toan can ban,Ke toan,56,0.82,0.14,2
LHP0372,TIE115,Tien te ngan hang,Tai chinh - Ngan hang,30,0.94,0.25,1
LHP0373,TIE108,Tieng Anh chuyen nganh,Ngoai ngu,60,0.88,0.2,1
LHP0374,LUA112,Luat kinh te,Luat,71,0.76,0.2,2
LHP0375,MAR109,Marketing can ban,Marketing,64,0.9,0.22,1
LHP0376,QUA105,Quan tri chien luoc,Quan tri kinh doanh,56,0.93,0.09,2
LHP0377,XAC111,Xac suat thong ke,Toan kinh te,80,0.85,0.24,2
LHP0378,LUA113,Luat kinh te,Luat,32,0.75,0.16,1
LHP0379,PHA111,Phan tich du lieu kinh doanh,He thong thong tin quan ly,48,0.84,0.18,1
LHP0380,TIE116,Tien te ngan hang,Tai chinh - Ngan hang,62,0.84,0.09,1
LHP0381,QUA106,Quan tri hoc,Quan tri kinh doanh,76,0.84,0.1,1
LHP0382,PHA112,Phan tich du lieu kinh doanh,He thong thong tin quan ly,80,0.81,0.18,1
LHP0383,KIN111,Kinh te bat dong san,Bat dong san,70,0.93,0.22,1
LHP0384,KE111,Ke toan tai chinh,Ke toan,55,0.88,0.09,1
LHP0385,HE115,He thong thong tin quan ly,He thong thong tin quan ly,45,0.75,0.13,1
LHP0386,PHA112,Phap luat dai cuong,Luat,51,0.81,0.19,1
LHP0387,TOA114,Toan cao cap 1,Toan kinh te,74,0.8,0.18,1
LHP0388,QUA107,Quan tri hoc,Quan tri kinh doanh,55,0.89,0.23,2
LHP0389,LUA117,Luat doanh nghiep,Luat,74,0.77,0.23,1
LHP0390,KIN112,Kinh te bat dong san,Bat dong san,44,0.79,0.08,1
LHP0391,BAO106,Bao hiem dai cuong,Bao hiem,53,0.83,0.16,1
LHP0392,TU114,Tu tuong Ho Chi Minh,Ly luan chinh tri,72,0.92,0.2,2
LHP0393,BAO107,Bao hiem dai cuong,Bao hiem,80,0.77,0.14,2
LHP0394,NGU108,Nguyen ly ke toan,Ke toan,66,0.77,0.22,2
LHP0395,QUA109,Quan tri nhan luc,Quan tri kinh doanh,66,0.86,0.08,2
LHP0396,TIE112,Tieng Anh 1,Ngoai ngu,37,0.89,0.19,1
LHP0397,KIN107,Kinh te chinh tri,Ly luan chinh tri,58,0.91,0.14,1
LHP0398,TIE112,Tieng Anh 2,Ngoai ngu,66,0.76,0.14,2
LHP0399,KIN141,Kinh te vi mo,Kinh te hoc,55,0.8,0.05,1
LHP0400,NGU109,Nguyen ly ke toan,Ke toan,32,0.83,0.19,1
