room_id,building,floor,room_capacity
A2-0101,A2,1,120
A2-0102,A2,1,87
A2-0103,A2,1,81
A2-0104,A2,1,97
A2-0105,A2,1,95
A2-0106,A2,1,94
A2-0107,A2,1,88
A2-0108,A2,1,86
A2-0109,A2,1,114
A2-0110,A2,1,85
A2-0111,A2,1,117
A2-0112,A2,1,107
A2-0113,A2,1,82
A2-0114,A2,1,81
A2-0201,A2,2,85
A2-0202,A2,2,93
A2-0203,A2,2,94
A2-0204,A2,2,112
A2-0205,A2,2,118
A2-0206,A2,2,81
A2-0207,A2,2,115
A2-0208,A2,2,92
A2-0209,A2,2,114
A2-0210,A2,2,106
A2-0211,A2,2,94
A2-0212,A2,2,108
A2-0213,A2,2,117
A2-0214,A2,2,97
A2-0301,A2,3,80
A2-0302,A2,3,90
A2-0303,A2,3,107
A2-0304,A2,3,101
A2-0305,A2,3,97
A2-0306,A2,3,89
A2-0307,A2,3,93
A2-0308,A2,3,101
A2-0309,A2,3,86
A2-0310,A2,3,85
A2-0311,A2,3,104
A2-0312,A2,3,86
A2-0313,A2,3,102
A2-0314,A2,3,102
A2-0401,A2,4,118
A2-0402,A2,4,96
A2-0403,A2,4,82
A2-0404,A2,4,109
A2-0405,A2,4,114
A2-0406,A2,4,87
A2-0407,A2,4,104
A2-0408,A2,4,85
A2-0409,A2,4,115
A2-0410,A2,4,98
A2-0411,A2,4,120
A2-0412,A2,4,119
A2-0413,A2,4,103
A2-0414,A2,4,116
A2-0501,A2,5,92
A2-0502,A2,5,84
A2-0503,A2,5,82
A2-0504,A2,5,94
A2-0505,A2,5,98
A2-0506,A2,5,85
A2-0507,A2,5,94
A2-0508,A2,5,86
A2-0509,A2,5,104
A2-0510,A2,5,97
A2-0511,A2,5,109
A2-0512,A2,5,120
A2-0513,A2,5,103
A2-0514,A2,5,90
A2-0601,A2,6,103
A2-0602,A2,6,102
A2-0603,A2,6,93
A2-0604,A2,6,97
A2-0605,A2,6,84
A2-0606,A2,6,118
A2-0607,A2,6,120
A2-0608,A2,6,90
A2-0609,A2,6,114
A2-0610,A2,6,95
A2-0611,A2,6,90
A2-0612,A2,6,109
A2-0613,A2,6,104
A2-0614,A2,6,97
A2-0701,A2,7,120
A2-0702,A2,7,115
A2-0703,A2,7,94
A2-0704,A2,7,100
A2-0705,A2,7,83
A2-0706,A2,7,94
A2-0707,A2,7,82
A2-0708,A2,7,100
A2-0709,A2,7,105
A2-0710,A2,7,97
A2-0711,A2,7,84
A2-0712,A2,7,93
A2-0713,A2,7,116
A2-0714,A2,7,100
A2-0801,A2,8,93
A2-0802,A2,8,111
A2-0803,A2,8,105
A2-0804,A2,8,109
A2-0805,A2,8,89
A2-0806,A2,8,96
A2-0807,A2,8,88
A2-0808,A2,8,95
A2-0809,A2,8,115
A2-0810,A2,8,114
A2-0811,A2,8,96
A2-0812,A2,8,117
A2-0813,A2,8,107
A2-0814,A2,8,117
A2-0901,A2,9,105
A2-0902,A2,9,103
A2-0903,A2,9,94
A2-0904,A2,9,88
A2-0905,A2,9,112
A2-0906,A2,9,111
A2-0907,A2,9,85
A2-0908,A2,9,83
A2-0909,A2,9,87
A2-0910,A2,9,89
A2-0911,A2,9,120
A2-0912,A2,9,90
A2-0913,A2,9,107
A2-0914,A2,9,118
A2-1001,A2,10,84
A2-1002,A2,10,104
A2-1003,A2,10,104
A2-1004,A2,10,118
A2-1005,A2,10,109
A2-1006,A2,10,113
A2-1007,A2,10,96
A2-1008,A2,10,115
A2-1009,A2,10,80
A2-1010,A2,10,87
A2-1011,A2,10,114
A2-1012,A2,10,97
A2-1013,A2,10,101
A2-1014,A2,10,87
B-0101,B,1,49
B-0102,B,1,53
B-0103,B,1,45
B-0104,B,1,54
B-0105,B,1,40
B-0106,B,1,48
B-0107,B,1,56
B-0108,B,1,45
B-0201,B,2,56
B-0202,B,2,43
B-0203,B,2,60
B-0204,B,2,49
B-0205,B,2,60
B-0206,B,2,56
B-0207,B,2,59
B-0208,B,2,46
B-0301,B,3,44
B-0302,B,3,51
B-0303,B,3,45
B-0304,B,3,57
B-0305,B,3,56
B-0306,B,3,40
B-0307,B,3,59
B-0308,B,3,50
C-0101,C,1,55
C-0102,C,1,40
C-0103,C,1,43
C-0104,C,1,51
C-0105,C,1,49
C-0106,C,1,47
C-0107,C,1,41
C-0108,C,1,47
C-0201,C,2,58
C-0202,C,2,42
C-0203,C,2,42
C-0204,C,2,55
C-0205,C,2,42
C-0206,C,2,57
C-0207,C,2,44
C-0208,C,2,44
C-0301,C,3,55
C-0302,C,3,57
C-0303,C,3,45
C-0304,C,3,48
C-0305,C,3,56
C-0306,C,3,59
C-0307,C,3,53
C-0308,C,3,46
D-0101,D,1,89
D-0102,D,1,77
D-0103,D,1,84
D-0104,D,1,83
D-0105,D,1,82
D-0106,D,1,66
D-0107,D,1,82
D-0108,D,1,69
D-0201,D,2,72
D-0202,D,2,81
D-0203,D,2,80
D-0204,D,2,71
D-0205,D,2,74
D-0206,D,2,88
D-0207,D,2,76
D-0208,D,2,74
D-0301,D,3,63
D-0302,D,3,67
D-0303,D,3,67
D-0304,D,3,62
D-0305,D,3,70
D-0306,D,3,60
D-0307,D,3,78
D-0308,D,3,77
D-0401,D,4,67
D-0402,D,4,78
D-0403,D,4,67
D-0404,D,4,60
D-0405,D,4,62
D-0406,D,4,82
D-0407,D,4,80
D-0408,D,4,61
D-0501,D,5,67
D-0502,D,5,62
D-0503,D,5,88
D-0504,D,5,61
D-0505,D,5,87
D-0506,D,5,70
D-0507,D,5,62
D-0508,D,5,76
